Date,Time,Obs Wind Speed,Obs Wind Direction,Wind Speed,Wind Direction
4/4/2017,0:00,7.0,306.0,6.3,172.0
4/4/2017,1:00,7.2,185.0,7.3,179.7
4/4/2017,2:00,7.1,244.3,6.9,194.9
4/4/2017,3:00,6.6,62.2,6.6,208.4
4/4/2017,4:00,6.7,187.7,6.1,206.1
4/4/2017,5:00,7.1,188.5,5.8,198.5
4/4/2017,6:00,7.4,251.4,6.1,197.2
4/4/2017,7:00,7.7,248.1,6.6,190.0
4/4/2017,8:00,7.7,194.3,6.8,202.7
4/4/2017,9:00,8.7,253.9,7.6,206.2
4/4/2017,10:00,9.3,204.8,8.7,210.0
4/4/2017,11:00,9.2,195.7,9.2,209.0
4/4/2017,12:00,10.1,253.1,9.7,210.0
4/4/2017,13:00,9.1,198.7,9.5,208.5
4/4/2017,14:00,9.6,195.5,9.2,210.4
4/4/2017,15:00,8.4,256.0,8.5,217.9
4/4/2017,16:00,7.5,198.4,7.4,226.1
4/4/2017,17:00,5.6,198.4,6.4,227.6
4/4/2017,18:00,2.8,220.6,4.2,223.5
4/4/2017,19:00,2.2,285.2,3.8,232.5
4/4/2017,20:00,1.8,218.4,4.0,235.0
4/4/2017,21:00,0.7,235.0,3.4,226.8
4/4/2017,22:00,1.1,47.1,2.3,211.5
4/4/2017,23:00,2.2,51.0,2.0,202.2
4/5/2017,0:00,2.6,38.6,2.6,212.2
4/5/2017,1:00,2.8,24.8,2.0,204.6
4/5/2017,2:00,3.6,21.1,2.0,213.7
4/5/2017,3:00,3.6,8.6,1.0,184.7
4/5/2017,4:00,3.2,11.2,1.1,46.7
4/5/2017,5:00,3.8,11.4,3.8,27.5
4/5/2017,6:00,5.5,15.2,5.4,30.9
4/5/2017,7:00,5.3,28.3,6.1,31.6
4/5/2017,8:00,6.0,31.4,6.2,29.8
4/5/2017,9:00,3.5,37.0,6.6,34.7
4/5/2017,10:00,1.9,41.3,6.9,38.9
4/5/2017,11:00,2.2,117.0,5.8,42.2
4/5/2017,12:00,3.8,358.1,3.6,56.1
4/5/2017,13:00,NaN,,1.3,35.5
4/5/2017,14:00,NaN,,1.1,342.7
4/5/2017,15:00,NaN,,1.6,304.9
4/5/2017,16:00,NaN,,2.3,284.3
4/5/2017,17:00,6.2,228.6,3.1,292.7
4/5/2017,18:00,7.2,218.4,3.7,325.6
4/5/2017,19:00,3.9,280.6,4.1,356.3
4/5/2017,20:00,2.6,48.7,5.4,13.8
4/5/2017,21:00,1.4,92.4,6.0,36.9
4/5/2017,22:00,1.7,80.7,5.9,42.8
4/5/2017,23:00,1.1,316.9,4.8,37.6
4/6/2017,0:00,1.0,121.0,3.5,45.4
4/6/2017,1:00,2.3,48.6,0.5,201.6
4/6/2017,2:00,1.1,98.8,0.9,215.7
4/6/2017,3:00,1.8,31.6,1.5,200.2
4/6/2017,4:00,2.5,15.0,1.2,191.0
4/6/2017,5:00,2.4,22.6,2.6,122.6
4/6/2017,6:00,1.0,53.1,2.0,33.4
4/6/2017,7:00,0.8,351.3,2.5,341.3
4/6/2017,8:00,1.5,267.6,3.0,37.5
4/6/2017,9:00,1.0,73.8,0.7,327.1
4/6/2017,10:00,2.1,50.0,1.6,48.0
4/6/2017,11:00,1.3,53.7,1.1,325.2
4/6/2017,12:00,2.2,74.8,1.6,283.3
4/6/2017,13:00,3.2,32.6,4.5,267.0
4/6/2017,14:00,2.5,32.5,4.9,281.8
4/6/2017,15:00,3.6,339.1,6.4,292.5
4/6/2017,16:00,6.5,310.5,8.3,293.6
4/6/2017,17:00,5.8,301.0,7.7,298.9
4/6/2017,18:00,5.6,293.7,6.7,303.7
4/6/2017,19:00,4.2,348.2,6.0,307.1
4/6/2017,20:00,3.4,5.1,6.4,306.4
4/6/2017,21:00,2.6,23.4,6.2,309.6
4/6/2017,22:00,3.7,290.7,6.2,309.5
4/6/2017,23:00,2.7,295.7,5.6,315.4
4/7/2017,0:00,1.3,326.6,6.8,328.8
4/7/2017,1:00,2.1,276.1,5.4,332.2
4/7/2017,2:00,1.6,351.6,4.0,331.5
4/7/2017,3:00,1.7,43.9,3.9,317.9
4/7/2017,4:00,1.8,356.3,4.0,318.0
4/7/2017,5:00,3.5,249.9,2.6,338.6
4/7/2017,6:00,3.6,301.0,1.5,12.4
4/7/2017,7:00,2.1,252.1,1.4,31.4
4/7/2017,8:00,1.3,198.8,0.6,172.5
4/7/2017,9:00,2.7,98.6,1.0,187.7
4/7/2017,10:00,4.1,167.5,2.4,204.7
4/7/2017,11:00,4.9,359.2,4.1,212.1
4/7/2017,12:00,6.3,198.7,5.0,216.5
4/7/2017,13:00,6.7,8.1,5.5,220.3
4/7/2017,14:00,5.3,299.6,6.7,226.1
4/7/2017,15:00,2.8,282.6,7.9,236.1
4/7/2017,16:00,2.3,239.4,8.4,242.2
4/7/2017,17:00,2.4,262.7,8.3,245.3
4/7/2017,18:00,4.1,279.4,8.3,250.0
4/7/2017,19:00,3.1,221.4,6.7,265.3
4/7/2017,20:00,5.0,303.7,6.8,285.9
4/7/2017,21:00,2.5,314.4,7.0,315.8
4/7/2017,22:00,1.7,49.3,7.3,332.5
4/7/2017,23:00,2.6,333.0,9.0,335.9
4/8/2017,0:00,2.5,81.7,9.9,333.4
4/8/2017,1:00,3.1,331.5,10.2,343.6
4/8/2017,2:00,3.0,46.9,9.2,359.0
4/8/2017,3:00,6.2,334.4,7.1,18.9
4/8/2017,4:00,3.3,28.9,4.9,65.5
4/8/2017,5:00,7.7,8.5,1.7,14.1
4/8/2017,6:00,10.5,5.6,0.5,266.1
4/8/2017,7:00,6.5,0.9,1.0,271.6
4/8/2017,8:00,7.2,17.7,1.3,309.4
4/8/2017,9:00,4.7,26.0,3.5,314.2
4/8/2017,10:00,6.5,1.8,3.3,316.9
4/8/2017,11:00,5.2,11.6,3.3,317.7
4/8/2017,12:00,5.7,25.0,3.8,317.1
4/8/2017,13:00,5.6,27.5,4.6,320.4
4/8/2017,14:00,4.4,31.8,5.6,321.5
4/8/2017,15:00,2.9,356.1,7.0,320.1
4/8/2017,16:00,6.3,309.0,7.8,320.7
4/8/2017,17:00,8.5,317.2,7.9,326.0
4/8/2017,18:00,9.9,324.4,8.0,329.0
4/8/2017,19:00,9.5,331.9,9.2,329.1
4/8/2017,20:00,10.3,341.4,10.8,338.9
4/8/2017,21:00,6.1,41.6,11.9,349.1
4/8/2017,22:00,10.5,356.4,11.7,5.6
4/8/2017,23:00,12.3,1.4,8.7,33.1
4/9/2017,0:00,9.9,6.3,9.1,20.7
4/9/2017,1:00,6.3,22.8,7.0,34.8
4/9/2017,2:00,5.8,16.0,6.5,33.9
4/9/2017,3:00,4.6,10.6,6.0,34.1
4/9/2017,4:00,3.8,356.3,5.8,39.8
4/9/2017,5:00,5.2,355.4,5.4,40.7
4/9/2017,6:00,6.5,358.2,5.4,40.7
4/9/2017,7:00,5.4,28.1,5.4,38.4
4/9/2017,8:00,6.0,43.4,5.0,38.6
4/9/2017,9:00,7.9,41.9,5.4,41.4
4/9/2017,10:00,6.7,36.2,5.6,40.4
4/9/2017,11:00,6.8,33.6,6.2,41.9
4/9/2017,12:00,8.9,37.6,6.3,44.4
4/9/2017,13:00,11.1,39.0,6.2,43.5
4/9/2017,14:00,12.0,29.6,6.2,41.7
4/9/2017,15:00,13.3,33.3,6.1,41.0
4/9/2017,16:00,12.7,24.5,6.5,38.7
4/9/2017,17:00,14.2,26.9,7.7,37.8
4/9/2017,18:00,14.0,21.8,8.9,38.8
4/9/2017,19:00,14.0,28.1,11.4,35.6
4/9/2017,20:00,14.0,21.8,13.2,34.3
4/9/2017,21:00,14.6,24.5,13.3,34.9
4/9/2017,22:00,13.5,24.4,13.7,35.4
4/9/2017,23:00,10.4,28.3,13.4,35.5
4/10/2017,0:00,8.9,36.9,12.5,32.4
4/10/2017,1:00,11.0,28.4,11.3,31.2
4/10/2017,2:00,12.0,22.4,10.9,30.7
4/10/2017,3:00,12.1,21.1,11.3,31.2
4/10/2017,4:00,11.4,21.0,11.8,31.2
4/10/2017,5:00,12.4,23.7,11.6,30.8
4/10/2017,6:00,13.1,26.8,11.5,31.4
4/10/2017,7:00,12.8,27.8,11.5,30.0
4/10/2017,8:00,13.7,32.5,10.8,29.5
4/10/2017,9:00,14.3,27.4,10.9,30.6
4/10/2017,10:00,14.2,30.6,11.0,33.2
4/10/2017,11:00,12.3,26.5,10.7,36.6
4/10/2017,12:00,11.0,32.1,10.2,37.9
4/10/2017,13:00,9.5,33.1,9.8,39.1
4/10/2017,14:00,8.5,38.8,9.9,38.9
4/10/2017,15:00,8.4,35.1,10.5,37.9
4/10/2017,16:00,9.1,27.0,11.3,36.4
4/10/2017,17:00,12.7,24.3,11.6,38.0
4/10/2017,18:00,13.4,24.8,11.1,41.2
4/10/2017,19:00,11.0,32.6,11.7,42.7
4/10/2017,20:00,9.2,46.2,12.1,39.2
4/10/2017,21:00,10.0,46.5,12.3,33.5
4/10/2017,22:00,10.4,41.4,11.3,33.2
4/10/2017,23:00,12.2,42.0,9.7,30.8
4/11/2017,0:00,10.1,41.1,9.7,32.8
4/11/2017,1:00,7.6,27.3,8.7,32.0
4/11/2017,2:00,8.2,27.0,8.7,32.2
4/11/2017,3:00,8.3,28.5,8.6,30.5
4/11/2017,4:00,7.0,21.6,8.5,30.9
4/11/2017,5:00,6.5,15.4,8.6,31.4
4/11/2017,6:00,6.1,16.5,8.6,30.1
4/11/2017,7:00,6.2,5.1,8.4,30.0
4/11/2017,8:00,7.4,26.0,7.7,26.4
4/11/2017,9:00,7.1,23.3,7.5,25.2
4/11/2017,10:00,5.4,13.2,7.3,28.1
4/11/2017,11:00,4.1,12.3,6.8,31.3
4/11/2017,12:00,3.6,28.1,6.1,35.8
4/11/2017,13:00,4.5,29.7,5.7,38.0
4/11/2017,14:00,5.3,34.7,5.1,39.1
4/11/2017,15:00,5.1,29.9,4.6,42.1
4/11/2017,16:00,4.3,29.6,4.3,47.9
4/11/2017,17:00,4.0,28.3,4.2,39.5
4/11/2017,18:00,3.8,26.0,4.4,346.4
4/11/2017,19:00,5.0,14.5,5.2,13.7
4/11/2017,20:00,4.1,357.5,6.4,35.8
4/11/2017,21:00,3.2,5.5,7.1,38.7
4/11/2017,22:00,2.7,16.7,7.5,40.0
4/11/2017,23:00,6.3,25.9,7.5,35.2
4/12/2017,0:00,6.3,37.7,6.7,34.1
4/12/2017,1:00,5.9,28.6,6.9,36.3
4/12/2017,2:00,5.8,33.6,7.0,36.8
4/12/2017,3:00,6.0,22.5,6.8,35.3
4/12/2017,4:00,3.3,46.8,6.8,34.3
4/12/2017,5:00,3.7,95.3,6.6,32.9
4/12/2017,6:00,6.8,1.3,6.6,31.2
4/12/2017,7:00,8.1,189.1,6.5,32.3
4/12/2017,8:00,6.5,187.1,5.3,29.2
4/12/2017,9:00,6.7,191.3,4.3,35.3
4/12/2017,10:00,5.7,194.0,2.4,58.1
4/12/2017,11:00,5.1,194.9,1.0,177.4
4/12/2017,12:00,3.9,253.3,2.3,196.7
4/12/2017,13:00,3.7,209.5,2.9,202.4
4/12/2017,14:00,5.2,243.4,2.2,223.6
4/12/2017,15:00,5.9,244.6,1.5,11.6
4/12/2017,16:00,5.9,108.2,4.2,14.6
4/12/2017,17:00,2.2,253.3,4.8,352.4
4/12/2017,18:00,5.4,31.4,5.6,341.2
4/12/2017,19:00,6.3,21.6,7.3,30.9
4/12/2017,20:00,7.4,21.5,8.4,43.2
4/12/2017,21:00,7.1,26.0,9.0,37.8
4/12/2017,22:00,6.7,23.2,9.0,32.9
4/12/2017,23:00,9.0,32.0,8.3,33.0
4/13/2017,0:00,6.8,18.3,8.2,30.9
4/13/2017,1:00,6.5,17.1,7.9,35.5
4/13/2017,2:00,6.2,12.2,8.2,37.1
4/13/2017,3:00,7.2,20.6,8.3,36.1
4/13/2017,4:00,8.2,24.1,7.8,35.4
4/13/2017,5:00,8.9,29.5,7.9,35.6
4/13/2017,6:00,9.5,29.3,8.3,34.1
4/13/2017,7:00,8.3,32.0,8.1,31.3
4/13/2017,8:00,6.8,25.3,7.7,30.5
4/13/2017,9:00,8.1,25.9,8.0,32.4
4/13/2017,10:00,6.6,19.0,8.3,36.9
4/13/2017,11:00,7.4,20.8,8.1,38.1
4/13/2017,12:00,7.0,26.0,7.4,40.7
4/13/2017,13:00,7.0,25.3,6.9,41.7
4/13/2017,14:00,6.7,31.1,6.7,44.1
4/13/2017,15:00,6.0,31.4,7.0,42.6
4/13/2017,16:00,6.6,15.9,7.4,33.5
4/13/2017,17:00,7.2,12.9,8.6,25.2
4/13/2017,18:00,9.3,24.4,9.0,38.0
4/13/2017,19:00,12.0,27.7,9.9,48.4
4/13/2017,20:00,11.3,33.2,11.8,43.3
4/13/2017,21:00,11.5,39.2,12.4,36.8
4/13/2017,22:00,9.3,43.1,12.6,35.1
4/13/2017,23:00,5.6,39.4,12.4,32.7
4/14/2017,0:00,6.1,34.8,12.2,32.7
4/14/2017,1:00,6.7,40.4,12.1,34.3
4/14/2017,2:00,6.9,32.1,13.1,35.5
4/14/2017,3:00,8.2,21.0,13.9,34.7
4/14/2017,4:00,10.4,30.9,14.7,34.8
4/14/2017,5:00,8.1,26.1,14.5,35.0
4/14/2017,6:00,6.9,29.1,14.2,33.2
4/14/2017,7:00,8.0,31.5,14.5,32.0
4/14/2017,8:00,9.7,24.9,13.6,30.7
4/14/2017,9:00,8.4,30.6,13.3,32.2
4/14/2017,10:00,7.0,26.3,12.9,35.4
4/14/2017,11:00,8.3,36.9,11.8,36.4
4/14/2017,12:00,7.5,40.3,11.0,35.9
4/14/2017,13:00,7.3,19.9,10.2,34.9
4/14/2017,14:00,7.4,5.6,10.0,33.2
4/14/2017,15:00,7.8,13.7,10.2,32.0
4/14/2017,16:00,7.4,10.4,10.7,32.4
4/14/2017,17:00,7.2,358.8,11.0,33.3
4/14/2017,18:00,5.9,358.0,10.9,35.4
4/14/2017,19:00,6.0,351.2,11.1,33.7
4/14/2017,20:00,7.5,357.9,11.5,34.7
4/14/2017,21:00,9.0,6.1,12.4,37.0
4/14/2017,22:00,8.4,6.1,13.2,36.9
4/14/2017,23:00,7.4,13.2,13.2,34.8
4/15/2017,0:00,8.5,23.7,10.2,32.5
4/15/2017,1:00,9.9,21.0,9.6,30.5
4/15/2017,2:00,8.3,19.8,8.3,32.7
4/15/2017,3:00,7.2,30.2,7.9,33.9
4/15/2017,4:00,5.7,25.5,7.7,34.2
4/15/2017,5:00,6.0,32.5,7.7,34.0
4/15/2017,6:00,5.7,26.5,7.7,33.2
4/15/2017,7:00,4.6,8.8,7.2,32.9
4/15/2017,8:00,3.4,4.6,5.9,30.1
4/15/2017,9:00,2.4,22.2,5.4,34.4
4/15/2017,10:00,1.0,40.8,5.4,33.9
4/15/2017,11:00,1.5,8.5,5.2,35.9
4/15/2017,12:00,1.4,11.3,4.8,40.8
4/15/2017,13:00,2.9,29.3,3.7,49.2
4/15/2017,14:00,1.8,336.1,2.1,79.0
4/15/2017,15:00,2.1,324.2,0.8,56.2
4/15/2017,16:00,2.0,306.7,2.0,4.0
4/15/2017,17:00,2.5,327.3,4.0,339.8
4/15/2017,18:00,3.3,315.8,5.3,320.7
4/15/2017,19:00,3.4,314.2,6.5,332.2
4/15/2017,20:00,2.2,323.8,5.3,347.8
4/15/2017,21:00,1.0,28.9,3.8,7.2
4/15/2017,22:00,0.8,355.9,3.3,24.2
4/15/2017,23:00,1.9,209.6,2.8,37.7
4/16/2017,0:00,2.8,59.0,1.0,202.2
4/16/2017,1:00,2.6,7.0,2.3,212.3
4/16/2017,2:00,5.0,312.9,3.3,206.3
4/16/2017,3:00,6.3,198.0,3.6,203.0
4/16/2017,4:00,7.0,247.0,3.7,205.0
4/16/2017,5:00,6.1,194.5,3.7,206.2
4/16/2017,6:00,6.3,190.1,3.6,206.0
4/16/2017,7:00,6.6,194.4,3.7,203.3
4/16/2017,8:00,6.8,200.3,3.8,206.2
4/16/2017,9:00,6.0,199.0,5.0,203.0
4/16/2017,10:00,7.5,201.1,6.1,201.4
4/16/2017,11:00,8.5,200.5,7.3,201.9
4/16/2017,12:00,8.6,194.6,8.5,209.9
4/16/2017,13:00,10.5,257.5,9.7,212.8
4/16/2017,14:00,11.2,208.2,10.3,215.7
4/16/2017,15:00,12.3,207.8,10.1,215.5
4/16/2017,16:00,12.6,208.4,10.4,215.6
4/16/2017,17:00,12.7,207.9,11.0,215.8
4/16/2017,18:00,13.8,212.4,10.6,217.8
4/16/2017,19:00,12.6,210.1,10.2,220.7
4/16/2017,20:00,12.3,204.6,10.3,221.0
4/16/2017,21:00,12.4,207.5,9.5,216.8
4/16/2017,22:00,11.0,203.6,8.4,208.0
4/16/2017,23:00,10.1,201.8,8.1,197.2
4/17/2017,0:00,10.4,201.7,9.8,188.5
4/17/2017,1:00,9.1,207.3,8.8,185.8
4/17/2017,2:00,10.0,195.4,8.1,183.1
4/17/2017,3:00,9.7,199.6,8.2,184.6
4/17/2017,4:00,10.5,194.4,8.8,183.3
4/17/2017,5:00,10.1,187.3,9.3,181.8
4/17/2017,6:00,10.3,188.9,9.3,182.0
4/17/2017,7:00,10.6,189.0,8.8,187.1
4/17/2017,8:00,10.7,190.3,8.5,195.3
4/17/2017,9:00,10.7,192.7,9.3,197.7
4/17/2017,10:00,11.7,195.8,10.3,196.7
4/17/2017,11:00,12.3,193.4,11.2,200.5
4/17/2017,12:00,12.9,191.0,12.3,213.0
4/17/2017,13:00,13.8,193.2,13.5,212.2
4/17/2017,14:00,13.0,201.1,13.4,210.1
4/17/2017,15:00,13.4,205.0,12.4,212.3
4/17/2017,16:00,13.9,204.0,11.1,216.2
4/17/2017,17:00,14.5,210.5,10.8,217.7
4/17/2017,18:00,13.5,207.3,9.7,217.9
4/17/2017,19:00,12.3,204.9,8.6,215.3
4/17/2017,20:00,13.1,205.8,7.8,207.9
4/17/2017,21:00,15.4,222.7,7.5,201.0
4/17/2017,22:00,13.0,255.1,8.4,203.2
4/17/2017,23:00,10.9,189.4,9.1,202.6
4/18/2017,0:00,8.0,192.7,11.8,183.9
4/18/2017,1:00,7.3,196.6,12.5,182.4
4/18/2017,2:00,6.8,192.3,13.2,183.5
4/18/2017,3:00,7.0,247.5,14.6,181.3
4/18/2017,4:00,6.5,191.8,14.1,197.1
4/18/2017,5:00,7.2,247.7,10.6,197.8
4/18/2017,6:00,5.4,308.7,8.4,203.7
4/18/2017,7:00,5.3,308.0,3.7,233.1
4/18/2017,8:00,5.4,305.2,2.9,250.0
4/18/2017,9:00,5.2,196.5,4.5,252.5
4/18/2017,10:00,5.8,251.3,5.1,247.1
4/18/2017,11:00,5.8,359.4,5.0,264.4
4/18/2017,12:00,4.9,0.5,5.8,278.0
4/18/2017,13:00,2.5,94.4,6.0,272.0
4/18/2017,14:00,4.9,248.4,6.0,265.9
4/18/2017,15:00,2.8,351.9,5.7,278.7
4/18/2017,16:00,2.8,315.0,5.5,280.4
4/18/2017,17:00,3.0,297.0,5.2,286.3
4/18/2017,18:00,4.2,274.5,4.6,300.8
4/18/2017,19:00,2.7,257.4,4.9,314.2
4/18/2017,20:00,4.3,217.8,3.6,331.2
4/18/2017,21:00,1.6,89.8,2.0,27.2
4/18/2017,22:00,1.0,57.7,2.9,42.2
4/18/2017,23:00,1.2,306.9,2.4,37.9
4/19/2017,0:00,3.0,51.0,1.8,188.3
4/19/2017,1:00,1.7,309.7,2.8,200.4
4/19/2017,2:00,2.0,196.9,3.9,191.5
4/19/2017,3:00,3.5,191.0,4.6,189.0
4/19/2017,4:00,3.4,359.7,4.7,192.1
4/19/2017,5:00,4.7,194.9,4.8,189.7
4/19/2017,6:00,4.8,116.2,5.2,185.8
4/19/2017,7:00,4.9,189.6,5.0,188.1
4/19/2017,8:00,5.4,201.1,5.1,195.4
4/19/2017,9:00,7.4,193.6,6.5,199.8
4/19/2017,10:00,8.7,194.6,7.8,198.0
4/19/2017,11:00,10.6,195.2,9.0,200.8
4/19/2017,12:00,11.0,249.8,10.4,207.9
4/19/2017,13:00,13.3,252.1,11.4,211.3
4/19/2017,14:00,13.2,207.2,12.5,214.8
4/19/2017,15:00,13.2,209.5,13.2,216.8
4/19/2017,16:00,13.4,210.8,13.2,217.1
4/19/2017,17:00,12.4,211.6,12.9,216.7
4/19/2017,18:00,12.6,213.6,11.9,217.3
4/19/2017,19:00,12.8,211.4,9.8,213.6
4/19/2017,20:00,12.5,213.1,9.3,198.5
4/19/2017,21:00,10.9,210.3,9.4,200.5
4/19/2017,22:00,12.1,202.4,7.8,189.7
4/19/2017,23:00,11.9,195.5,8.0,190.7
4/20/2017,0:00,12.9,194.5,8.9,183.9
4/20/2017,1:00,13.1,190.0,9.6,174.2
4/20/2017,2:00,11.5,187.8,9.5,170.9
4/20/2017,3:00,11.7,191.4,8.7,178.4
4/20/2017,4:00,11.7,186.4,7.9,187.4
4/20/2017,5:00,10.2,246.7,8.0,194.5
4/20/2017,6:00,9.7,192.8,7.7,188.3
4/20/2017,7:00,9.3,197.8,8.0,196.4
4/20/2017,8:00,11.7,198.3,8.6,201.9
4/20/2017,9:00,11.4,202.7,10.5,204.9
4/20/2017,10:00,12.4,202.4,12.8,203.6
4/20/2017,11:00,16.2,195.3,16.0,204.1
4/20/2017,12:00,18.0,196.6,17.2,209.1
4/20/2017,13:00,20.2,201.7,17.3,212.5
4/20/2017,14:00,18.3,211.0,16.6,211.9
4/20/2017,15:00,18.0,210.7,16.4,208.4
4/20/2017,16:00,16.6,208.6,15.9,210.3
4/20/2017,17:00,16.8,202.8,15.3,225.2
4/20/2017,18:00,17.4,203.1,11.0,253.1
4/20/2017,19:00,17.0,205.3,10.2,258.9
4/20/2017,20:00,13.4,207.2,9.5,265.9
4/20/2017,21:00,13.8,215.5,9.3,272.4
4/20/2017,22:00,14.5,201.6,8.8,270.9
4/20/2017,23:00,13.9,205.0,7.6,274.0
4/21/2017,0:00,11.3,206.8,4.5,308.7
4/21/2017,1:00,5.2,280.6,3.9,305.3
4/21/2017,2:00,3.3,304.4,3.4,294.2
4/21/2017,3:00,3.6,33.3,2.6,303.4
4/21/2017,4:00,5.5,20.6,2.3,323.2
4/21/2017,5:00,5.7,18.3,1.8,328.6
4/21/2017,6:00,3.4,42.3,1.5,12.7
4/21/2017,7:00,1.7,299.4,2.8,349.2
4/21/2017,8:00,6.1,53.8,1.6,331.8
4/21/2017,9:00,7.2,301.1,1.5,3.2
4/21/2017,10:00,6.0,4.5,1.4,319.1
4/21/2017,11:00,4.7,6.5,1.9,285.9
4/21/2017,12:00,4.0,34.7,3.2,278.3
4/21/2017,13:00,2.7,304.6,4.5,278.1
4/21/2017,14:00,1.1,9.7,5.6,290.8
4/21/2017,15:00,2.5,346.5,6.6,294.5
4/21/2017,16:00,1.5,18.2,7.7,301.2
4/21/2017,17:00,1.9,32.4,8.0,308.6
4/21/2017,18:00,2.2,7.3,7.9,319.4
4/21/2017,19:00,3.9,2.8,6.7,328.0
4/21/2017,20:00,3.1,353.4,7.4,338.8
4/21/2017,21:00,3.5,33.4,7.8,341.9
4/21/2017,22:00,6.0,32.3,8.0,350.1
4/21/2017,23:00,8.1,38.8,8.6,358.8
4/22/2017,0:00,10.0,42.2,9.8,39.9
4/22/2017,1:00,8.2,34.1,9.9,37.5
4/22/2017,2:00,8.8,43.8,9.9,35.9
4/22/2017,3:00,9.2,41.5,9.8,34.6
4/22/2017,4:00,9.6,41.3,10.0,34.5
4/22/2017,5:00,8.7,38.5,10.2,34.3
4/22/2017,6:00,8.5,35.4,10.1,34.0
4/22/2017,7:00,9.4,36.4,9.5,32.5
4/22/2017,8:00,8.3,31.0,8.7,31.7
4/22/2017,9:00,6.8,21.6,8.4,34.7
4/22/2017,10:00,7.3,31.5,8.1,37.9
4/22/2017,11:00,7.8,29.0,7.0,39.3
4/22/2017,12:00,7.6,28.9,5.6,43.2
4/22/2017,13:00,6.3,26.5,3.8,60.6
4/22/2017,14:00,6.3,37.0,2.5,56.3
4/22/2017,15:00,7.2,24.4,2.2,20.1
4/22/2017,16:00,7.9,26.6,4.0,27.9
4/22/2017,17:00,7.4,24.5,6.8,11.0
4/22/2017,18:00,7.8,29.0,6.6,36.5
4/22/2017,19:00,9.0,29.9,8.9,42.7
4/22/2017,20:00,9.7,17.7,10.5,44.9
4/22/2017,21:00,12.3,2.1,10.3,43.3
4/22/2017,22:00,11.6,19.6,9.6,33.5
4/22/2017,23:00,12.6,38.5,8.7,19.7
4/23/2017,0:00,8.7,29.2,8.4,26.4
4/23/2017,1:00,6.3,30.4,8.1,17.0
4/23/2017,2:00,8.0,11.5,8.6,7.9
4/23/2017,3:00,5.3,43.6,8.9,5.7
4/23/2017,4:00,4.8,44.8,8.1,4.8
4/23/2017,5:00,3.2,31.4,7.9,357.4
4/23/2017,6:00,2.6,7.3,7.7,350.1
4/23/2017,7:00,1.6,334.0,6.1,355.2
4/23/2017,8:00,2.7,326.1,5.6,350.1
4/23/2017,9:00,1.8,33.1,5.0,337.8
4/23/2017,10:00,1.7,61.5,5.5,318.7
4/23/2017,11:00,1.6,9.3,6.0,308.6
4/23/2017,12:00,1.6,354.8,5.2,310.8
4/23/2017,13:00,4.5,336.0,4.6,309.3
4/23/2017,14:00,1.7,17.7,4.9,303.6
4/23/2017,15:00,2.3,122.0,5.3,305.1
4/23/2017,16:00,1.2,101.8,5.3,304.6
4/23/2017,17:00,1.9,144.9,5.5,304.9
4/23/2017,18:00,2.2,248.4,5.6,303.1
4/23/2017,19:00,3.3,307.5,6.6,305.3
4/23/2017,20:00,2.7,56.5,6.7,306.1
4/23/2017,21:00,3.1,253.7,5.9,310.2
4/23/2017,22:00,2.1,4.8,4.9,321.2
4/23/2017,23:00,2.1,267.3,2.7,339.6
4/24/2017,0:00,3.0,317.0,3.9,244.1
4/24/2017,1:00,4.4,192.8,2.9,226.0
4/24/2017,2:00,4.9,190.4,2.5,247.1
4/24/2017,3:00,4.7,213.2,2.6,269.9
4/24/2017,4:00,2.3,249.2,2.2,312.8
4/24/2017,5:00,2.7,226.5,1.9,11.8
4/24/2017,6:00,2.5,13.9,3.0,22.2
4/24/2017,7:00,4.4,20.7,4.4,34.0
4/24/2017,8:00,5.0,31.9,5.3,39.5
4/24/2017,9:00,5.7,46.5,6.2,40.3
4/24/2017,10:00,5.9,40.8,5.7,38.3
4/24/2017,11:00,6.0,40.3,5.0,39.9
4/24/2017,12:00,5.2,34.8,4.6,37.8
4/24/2017,13:00,3.7,36.9,4.5,36.8
4/24/2017,14:00,4.2,30.3,4.4,36.0
4/24/2017,15:00,3.8,34.3,3.5,9.6
4/24/2017,16:00,2.9,36.3,3.6,335.5
4/24/2017,17:00,4.4,12.9,4.5,349.8
4/24/2017,18:00,5.7,341.5,5.4,9.5
4/24/2017,19:00,4.6,340.5,7.2,348.6
4/24/2017,20:00,4.0,320.9,9.3,10.4
4/24/2017,21:00,6.1,46.2,8.7,33.5
4/24/2017,22:00,8.6,51.2,9.7,36.6
4/24/2017,23:00,7.5,41.8,9.8,32.7
4/25/2017,0:00,7.1,33.4,8.8,33.4
4/25/2017,1:00,6.3,24.6,8.2,32.9
4/25/2017,2:00,5.9,19.4,7.5,30.6
4/25/2017,3:00,6.0,22.1,7.5,34.2
4/25/2017,4:00,7.2,32.4,7.7,34.9
4/25/2017,5:00,6.8,29.8,7.8,33.8
4/25/2017,6:00,7.0,26.1,8.1,34.7
4/25/2017,7:00,6.7,23.1,7.8,29.0
4/25/2017,8:00,5.7,12.9,7.1,25.5
4/25/2017,9:00,6.0,17.2,7.1,27.9
4/25/2017,10:00,5.3,21.9,6.6,29.5
4/25/2017,11:00,5.8,21.6,5.8,32.4
4/25/2017,12:00,6.1,21.6,5.3,37.7
4/25/2017,13:00,6.3,23.8,5.1,40.2
4/25/2017,14:00,6.1,25.1,4.8,43.2
4/25/2017,15:00,6.3,25.7,4.4,47.0
4/25/2017,16:00,5.5,27.6,4.1,45.8
4/25/2017,17:00,6.0,24.9,4.1,25.4
4/25/2017,18:00,5.9,26.6,4.1,343.6
4/25/2017,19:00,5.4,25.4,5.2,15.2
4/25/2017,20:00,5.4,12.4,5.3,9.2
4/25/2017,21:00,4.9,9.9,5.0,19.2
4/25/2017,22:00,3.2,18.5,5.1,34.1
4/25/2017,23:00,4.0,16.8,4.1,36.4
4/26/2017,0:00,4.2,30.6,5.3,34.9
4/26/2017,1:00,4.6,26.3,4.0,30.6
4/26/2017,2:00,4.4,26.0,3.1,30.4
4/26/2017,3:00,4.8,30.1,3.4,34.0
4/26/2017,4:00,5.4,29.4,3.7,29.2
4/26/2017,5:00,5.9,25.8,4.2,31.9
4/26/2017,6:00,6.2,26.0,6.0,37.1
4/26/2017,7:00,6.2,22.0,6.1,31.0
4/26/2017,8:00,6.1,19.7,5.2,28.0
4/26/2017,9:00,5.6,10.2,4.8,32.9
4/26/2017,10:00,4.9,19.6,4.1,35.3
4/26/2017,11:00,4.6,23.6,3.0,47.7
4/26/2017,12:00,4.7,33.0,1.1,174.3
4/26/2017,13:00,4.2,35.4,2.3,218.7
4/26/2017,14:00,4.0,31.9,3.3,225.2
4/26/2017,15:00,3.7,34.1,2.6,251.1
4/26/2017,16:00,4.0,29.3,2.2,298.4
4/26/2017,17:00,3.7,24.1,3.6,305.8
4/26/2017,18:00,2.8,34.0,4.7,314.3
4/26/2017,19:00,2.8,48.9,3.9,349.7
4/26/2017,20:00,3.2,356.6,2.1,22.3
4/26/2017,21:00,2.4,351.6,2.6,28.6
4/26/2017,22:00,0.8,325.5,3.2,23.1
4/26/2017,23:00,1.0,22.6,4.0,24.0
4/27/2017,0:00,2.6,49.6,5.9,34.3
4/27/2017,1:00,4.5,22.3,5.8,31.7
4/27/2017,2:00,4.2,25.5,5.8,28.9
4/27/2017,3:00,5.0,33.1,5.9,30.4
4/27/2017,4:00,5.2,20.0,6.3,31.3
4/27/2017,5:00,5.3,18.9,6.5,30.4
4/27/2017,6:00,4.5,6.8,6.3,28.7
4/27/2017,7:00,4.3,24.9,6.2,28.2
4/27/2017,8:00,4.3,16.3,5.4,26.6
4/27/2017,9:00,3.4,2.3,5.3,30.5
4/27/2017,10:00,3.5,18.4,4.9,33.4
4/27/2017,11:00,3.1,22.3,4.7,35.8
4/27/2017,12:00,3.2,35.6,4.5,39.0
4/27/2017,13:00,3.6,31.9,4.2,43.1
4/27/2017,14:00,3.9,31.6,4.2,34.6
4/27/2017,15:00,3.2,36.5,4.6,15.4
4/27/2017,16:00,4.1,23.2,5.1,2.7
4/27/2017,17:00,3.6,19.5,5.4,352.6
4/27/2017,18:00,2.7,19.9,6.2,343.3
4/27/2017,19:00,2.8,1.9,7.8,354.0
4/27/2017,20:00,2.3,356.9,8.1,2.3
4/27/2017,21:00,2.7,6.1,7.4,21.5
4/27/2017,22:00,2.3,7.9,7.3,39.0
4/27/2017,23:00,2.6,19.8,7.5,36.8
4/28/2017,0:00,4.0,17.6,6.0,32.0
4/28/2017,1:00,4.1,24.6,5.7,29.5
4/28/2017,2:00,4.5,32.3,5.2,26.9
4/28/2017,3:00,4.4,32.3,4.9,25.2
4/28/2017,4:00,4.6,21.9,4.9,25.9
4/28/2017,5:00,4.1,11.5,5.1,26.8
4/28/2017,6:00,3.5,12.2,5.2,27.1
4/28/2017,7:00,3.0,8.8,5.2,28.4
4/28/2017,8:00,3.2,23.8,4.6,30.3
4/28/2017,9:00,2.8,27.8,4.6,37.9
4/28/2017,10:00,1.5,58.1,4.6,36.2
4/28/2017,11:00,2.1,55.7,4.4,37.1
4/28/2017,12:00,2.4,31.1,4.0,42.7
4/28/2017,13:00,2.6,19.8,3.5,49.2
4/28/2017,14:00,2.6,31.1,3.2,36.6
4/28/2017,15:00,1.5,117.6,4.0,359.9
4/28/2017,16:00,1.5,90.1,5.3,350.2
4/28/2017,17:00,1.7,58.4,5.4,348.6
4/28/2017,18:00,2.7,39.7,5.6,340.9
4/28/2017,19:00,2.0,23.8,6.3,351.4
4/28/2017,20:00,0.9,325.5,5.5,1.8
4/28/2017,21:00,1.2,250.4,5.0,15.4
4/28/2017,22:00,1.4,348.8,4.4,27.1
4/28/2017,23:00,0.6,303.0,3.8,29.1
4/29/2017,0:00,0.3,343.6,1.6,55.7
4/29/2017,1:00,0.9,40.4,0.8,80.0
4/29/2017,2:00,1.8,48.6,0.3,41.9
4/29/2017,3:00,2.1,54.2,0.5,36.4
4/29/2017,4:00,2.6,27.3,0.5,49.5
4/29/2017,5:00,1.9,32.3,1.1,44.0
4/29/2017,6:00,1.9,51.5,2.0,39.0
4/29/2017,7:00,2.6,22.0,2.9,37.9
4/29/2017,8:00,3.0,66.5,2.3,38.1
4/29/2017,9:00,1.2,106.5,1.5,66.0
4/29/2017,10:00,1.3,150.8,0.9,121.1
4/29/2017,11:00,2.1,119.8,0.9,185.5
4/29/2017,12:00,2.7,301.0,2.0,199.2
4/29/2017,13:00,3.9,194.5,3.3,204.5
4/29/2017,14:00,5.2,308.1,4.4,206.5
4/29/2017,15:00,4.9,195.4,5.0,215.9
4/29/2017,16:00,5.9,200.9,6.1,233.9
4/29/2017,17:00,6.5,208.8,6.0,245.7
4/29/2017,18:00,7.2,214.7,5.2,243.6
4/29/2017,19:00,7.4,207.9,4.7,241.0
4/29/2017,20:00,6.2,248.1,4.3,221.0
4/29/2017,21:00,5.0,192.7,4.6,223.0
4/29/2017,22:00,4.8,203.9,4.6,222.5
4/29/2017,23:00,4.1,263.4,4.3,222.0
4/30/2017,0:00,5.0,196.0,3.4,208.9
4/30/2017,1:00,3.7,196.9,3.2,198.2
4/30/2017,2:00,3.3,312.0,2.8,197.0
4/30/2017,3:00,4.2,191.3,2.7,201.4
4/30/2017,4:00,2.7,357.6,1.4,143.4
4/30/2017,5:00,0.9,226.8,1.5,45.8
4/30/2017,6:00,1.9,7.6,2.2,49.8
4/30/2017,7:00,2.7,2.0,2.8,43.7
4/30/2017,8:00,1.4,35.2,2.5,41.3
4/30/2017,9:00,1.0,146.0,1.1,181.1
4/30/2017,10:00,3.3,2.3,3.2,200.9
4/30/2017,11:00,6.1,200.5,4.8,201.0
4/30/2017,12:00,7.2,207.4,5.0,197.4
4/30/2017,13:00,7.4,205.2,5.1,198.2
4/30/2017,14:00,6.7,205.7,5.2,205.3
4/30/2017,15:00,6.8,204.8,5.5,214.0
4/30/2017,16:00,5.9,212.3,5.7,213.7
4/30/2017,17:00,6.0,215.9,5.5,216.9
4/30/2017,18:00,5.4,197.2,6.3,240.7
4/30/2017,19:00,5.0,247.6,5.7,245.9
4/30/2017,20:00,3.3,244.0,4.8,241.1
4/30/2017,21:00,2.1,217.6,4.4,239.4
4/30/2017,22:00,1.2,251.9,3.2,236.9
4/30/2017,23:00,1.1,5.3,2.6,238.3
5/1/2017,0:00,2.7,25.2,0.1,276.9
5/1/2017,1:00,3.6,27.1,0.5,333.3
5/1/2017,2:00,4.0,36.2,1.3,40.7
5/1/2017,3:00,3.6,33.6,2.7,26.1
5/1/2017,4:00,1.8,20.6,4.3,18.9
5/1/2017,5:00,3.2,7.6,4.4,26.2
5/1/2017,6:00,5.1,18.0,4.2,23.2
5/1/2017,7:00,4.8,16.2,4.0,26.3
5/1/2017,8:00,4.8,19.0,4.1,31.9
5/1/2017,9:00,5.6,13.3,5.3,38.2
5/1/2017,10:00,6.0,20.7,6.1,40.7
5/1/2017,11:00,5.5,20.8,6.1,42.2
5/1/2017,12:00,5.3,33.1,5.7,38.3
5/1/2017,13:00,6.7,23.9,5.6,40.8
5/1/2017,14:00,6.1,26.9,5.5,42.4
5/1/2017,15:00,5.7,28.2,4.9,10.1
5/1/2017,16:00,6.0,24.1,5.0,346.6
5/1/2017,17:00,7.2,21.3,4.9,0.7
5/1/2017,18:00,10.1,41.0,8.0,64.3
5/1/2017,19:00,10.4,39.8,8.8,43.8
5/1/2017,20:00,11.8,36.4,9.8,41.8
5/1/2017,21:00,5.5,13.8,10.9,42.9
5/1/2017,22:00,2.4,288.3,11.0,33.7
5/1/2017,23:00,5.3,8.2,9.6,34.9
5/2/2017,0:00,7.2,23.2,8.2,33.2
5/2/2017,1:00,7.6,21.7,7.9,33.6
5/2/2017,2:00,6.2,18.4,7.5,31.0
5/2/2017,3:00,4.0,1.5,5.4,33.3
5/2/2017,4:00,5.2,23.8,5.6,39.9
5/2/2017,5:00,7.0,27.0,8.8,39.9
5/2/2017,6:00,5.4,16.6,8.0,32.4
5/2/2017,7:00,3.2,19.2,7.4,34.6
5/2/2017,8:00,3.5,21.1,6.7,35.7
5/2/2017,9:00,4.1,24.5,7.1,35.2
5/2/2017,10:00,3.9,25.5,7.2,37.1
5/2/2017,11:00,5.5,24.3,7.1,36.8
5/2/2017,12:00,5.3,20.7,7.0,38.4
5/2/2017,13:00,4.3,18.7,6.4,34.5
5/2/2017,14:00,4.4,27.9,5.7,32.9
5/2/2017,15:00,4.2,23.0,5.1,40.7
5/2/2017,16:00,3.8,27.1,4.7,12.5
5/2/2017,17:00,5.6,23.7,5.1,337.3
5/2/2017,18:00,5.1,356.2,6.2,19.4
5/2/2017,19:00,4.9,351.5,7.3,39.9
5/2/2017,20:00,6.0,12.1,9.0,47.3
5/2/2017,21:00,3.8,15.1,10.8,42.4
5/2/2017,22:00,4.9,31.1,11.6,38.1
5/2/2017,23:00,6.0,31.0,11.0,37.2
5/3/2017,0:00,4.8,40.5,2.6,79.6
5/3/2017,1:00,3.2,47.9,1.2,174.1
5/3/2017,2:00,1.1,318.4,1.1,216.9
5/3/2017,3:00,1.3,273.2,1.1,225.5
5/3/2017,4:00,1.3,332.7,0.5,68.4
5/3/2017,5:00,0.6,33.6,1.6,32.3
5/3/2017,6:00,1.2,329.9,2.6,38.7
5/3/2017,7:00,1.2,350.8,3.9,31.2
5/3/2017,8:00,3.2,23.1,3.5,39.1
5/3/2017,9:00,4.4,17.0,4.1,37.8
5/3/2017,10:00,4.2,24.5,4.6,36.7
5/3/2017,11:00,3.4,30.0,4.9,36.5
5/3/2017,12:00,3.5,36.1,4.8,38.3
5/3/2017,13:00,2.5,29.3,4.3,45.0
5/3/2017,14:00,2.7,26.0,4.4,44.5
5/3/2017,15:00,2.9,29.3,4.4,22.9
5/3/2017,16:00,4.0,113.9,4.7,350.7
5/3/2017,17:00,2.8,162.3,6.3,326.9
5/3/2017,18:00,1.4,147.9,8.0,334.4
5/3/2017,19:00,1.6,95.4,9.1,359.3
5/3/2017,20:00,1.1,88.4,9.1,24.7
5/3/2017,21:00,1.5,78.0,8.3,42.5
5/3/2017,22:00,2.5,21.8,8.1,39.3
5/3/2017,23:00,3.6,13.4,7.7,42.7
5/4/2017,0:00,1.9,72.5,4.4,177.3
5/4/2017,1:00,1.1,241.4,2.9,230.9
5/4/2017,2:00,0.9,295.4,1.3,0.6
5/4/2017,3:00,1.4,281.5,3.5,42.2
5/4/2017,4:00,1.8,316.7,4.3,25.3
5/4/2017,5:00,2.3,6.8,3.4,24.0
5/4/2017,6:00,3.6,21.1,3.4,29.4
5/4/2017,7:00,4.6,34.7,3.9,29.1
5/4/2017,8:00,4.1,43.6,4.1,34.2
5/4/2017,9:00,3.6,35.4,4.6,38.6
5/4/2017,10:00,3.9,50.4,4.6,36.9
5/4/2017,11:00,3.4,42.9,4.4,36.5
5/4/2017,12:00,3.5,35.6,4.1,42.2
5/4/2017,13:00,4.4,22.9,3.6,45.2
5/4/2017,14:00,4.0,27.9,3.5,356.6
5/4/2017,15:00,3.7,23.0,4.9,338.5
5/4/2017,16:00,4.5,35.0,6.0,335.4
5/4/2017,17:00,5.4,32.7,6.6,320.2
5/4/2017,18:00,3.3,8.6,7.5,317.3
5/4/2017,19:00,1.5,357.9,7.5,330.4
5/4/2017,20:00,1.6,4.7,5.3,356.6
5/4/2017,21:00,9.2,302.8,4.3,13.7
5/4/2017,22:00,8.2,300.1,5.3,24.0
5/4/2017,23:00,5.3,200.2,4.2,26.3
5/5/2017,0:00,4.6,204.1,2.4,225.4
5/5/2017,1:00,3.5,226.2,2.4,221.1
5/5/2017,2:00,2.2,38.6,2.1,240.6
5/5/2017,3:00,0.9,120.6,1.9,216.3
5/5/2017,4:00,0.8,10.7,1.7,224.9
5/5/2017,5:00,2.4,30.4,1.3,211.3
5/5/2017,6:00,3.0,6.4,0.9,197.6
5/5/2017,7:00,1.9,66.3,0.7,195.6
5/5/2017,8:00,0.8,75.2,1.0,193.6
5/5/2017,9:00,0.6,108.5,1.5,199.0
5/5/2017,10:00,1.0,86.3,2.2,205.6
5/5/2017,11:00,1.7,34.2,2.9,215.1
5/5/2017,12:00,3.2,216.5,3.3,222.9
5/5/2017,13:00,4.6,246.4,3.7,227.6
5/5/2017,14:00,5.6,4.0,4.6,250.9
5/5/2017,15:00,6.7,211.7,5.2,276.5
5/5/2017,16:00,6.4,236.8,5.8,273.5
5/5/2017,17:00,6.6,211.5,6.1,274.1
5/5/2017,18:00,5.2,228.4,5.5,282.7
5/5/2017,19:00,5.5,59.0,6.1,287.9
5/5/2017,20:00,5.8,167.5,6.3,277.1
5/5/2017,21:00,3.6,160.1,5.2,260.4
5/5/2017,22:00,3.3,51.3,4.2,227.3
5/5/2017,23:00,4.2,165.8,4.2,216.4
5/6/2017,0:00,6.1,57.4,5.1,206.8
5/6/2017,1:00,7.3,192.8,4.8,216.4
5/6/2017,2:00,7.8,253.3,4.5,216.8
5/6/2017,3:00,6.9,118.7,4.5,217.4
5/6/2017,4:00,7.1,246.1,4.1,222.3
5/6/2017,5:00,7.2,185.9,3.8,223.7
5/6/2017,6:00,7.1,245.1,3.7,219.5
5/6/2017,7:00,7.5,184.7,3.9,215.1
5/6/2017,8:00,8.4,186.2,4.7,214.6
5/6/2017,9:00,8.6,184.4,5.4,211.3
5/6/2017,10:00,8.7,193.1,6.1,213.9
5/6/2017,11:00,8.2,188.7,6.7,220.7
5/6/2017,12:00,6.2,309.9,7.1,269.8
5/6/2017,13:00,5.9,273.1,8.2,285.0
5/6/2017,14:00,5.5,239.9,9.0,287.2
5/6/2017,15:00,8.5,304.1,8.9,277.9
5/6/2017,16:00,5.3,279.9,9.6,281.2
5/6/2017,17:00,3.4,301.5,8.9,284.9
5/6/2017,18:00,4.8,293.8,7.4,290.5
5/6/2017,19:00,3.8,305.2,5.5,292.8
5/6/2017,20:00,2.7,312.9,5.1,303.9
5/6/2017,21:00,4.6,348.8,6.4,316.2
5/6/2017,22:00,6.7,355.9,8.3,326.6
5/6/2017,23:00,5.6,1.6,7.8,329.7
5/7/2017,0:00,4.6,29.6,9.2,3.2
5/7/2017,1:00,4.8,52.7,5.7,31.0
5/7/2017,2:00,5.1,40.0,3.8,34.7
5/7/2017,3:00,3.5,28.1,3.0,11.4
5/7/2017,4:00,2.8,30.8,3.2,3.5
5/7/2017,5:00,3.3,28.0,3.2,342.8
5/7/2017,6:00,3.5,21.8,2.1,315.4
5/7/2017,7:00,3.6,36.7,1.0,173.5
5/7/2017,8:00,2.4,50.9,2.1,198.9
5/7/2017,9:00,1.6,114.5,2.9,206.8
5/7/2017,10:00,2.8,311.4,3.4,210.4
5/7/2017,11:00,4.8,184.6,4.4,212.7
5/7/2017,12:00,5.4,247.7,5.2,213.9
5/7/2017,13:00,7.5,311.8,6.1,206.8
5/7/2017,14:00,7.8,254.0,7.1,214.9
5/7/2017,15:00,11.0,197.1,8.3,216.7
5/7/2017,16:00,12.6,202.6,9.4,213.4
5/7/2017,17:00,13.2,215.0,9.8,211.7
5/7/2017,18:00,12.8,210.0,9.8,210.6
5/7/2017,19:00,12.5,214.0,9.1,210.5
5/7/2017,20:00,13.5,214.2,9.2,193.4
5/7/2017,21:00,12.8,211.3,10.2,185.5
5/7/2017,22:00,12.3,208.0,10.1,193.1
5/7/2017,23:00,10.4,207.6,10.1,195.2
5/8/2017,0:00,10.40,206.01,8,191
5/8/2017,1:00,9.22,208.62,9,192
5/8/2017,2:00,9.09,191.84,8,195
5/8/2017,3:00,8.09,359.08,8,192
5/8/2017,4:00,7.71,186.25,7,191
5/8/2017,5:00,7.60,187.16,8,188
5/8/2017,6:00,7.22,191.35,8,188
5/8/2017,7:00,9.06,190.60,8,195
5/8/2017,8:00,9.68,196.12,9,200
5/8/2017,9:00,12.12,198.99,9,201
5/8/2017,10:00,11.96,201.49,10,205
5/8/2017,11:00,11.30,200.25,11,210
5/8/2017,12:00,8.56,198.65,12,217
5/8/2017,13:00,9.91,198.74,12,215
5/8/2017,14:00,11.73,195.09,13,215
5/8/2017,15:00,13.24,197.99,12,217
5/8/2017,16:00,12.85,205.10,12,215
5/8/2017,17:00,12.79,196.50,12,216
5/8/2017,18:00,12.78,203.72,12,219
5/8/2017,19:00,12.34,215.48,10,225
5/8/2017,20:00,11.40,214.11,10,223
5/8/2017,21:00,7.70,212.24,9,224
5/8/2017,22:00,7.08,207.53,7,221
5/8/2017,23:00,7.50,194.36,7,217
5/9/2017,0:00,6.84,192.95,5.61,214.60
5/9/2017,1:00,6.35,192.14,4.73,208.35
5/9/2017,2:00,5.44,241.16,4.71,193.70
5/9/2017,3:00,4.63,251.99,5.17,186.82
5/9/2017,4:00,7.30,252.88,5.79,194.75
5/9/2017,5:00,7.26,193.23,6.16,191.33
5/9/2017,6:00,7.98,190.44,7.20,179.08
5/9/2017,7:00,8.72,188.54,8.17,190.36
5/9/2017,8:00,10.40,190.00,8.32,197.56
5/9/2017,9:00,11.38,190.68,9.85,201.91
5/9/2017,10:00,13.42,192.47,12.34,202.07
5/9/2017,11:00,14.25,192.16,14.97,213.62
5/9/2017,12:00,16.83,201.09,15.82,214.65
5/9/2017,13:00,20.12,206.88,15.90,215.95
5/9/2017,14:00,20.75,203.69,15.99,217.04
5/9/2017,15:00,21.18,203.89,14.62,215.79
5/9/2017,16:00,19.17,206.26,13.27,222.49
5/9/2017,17:00,17.89,213.63,13.10,227.73
5/9/2017,18:00,18.09,214.10,12.15,228.25
5/9/2017,19:00,18.93,218.77,10.13,229.88
5/9/2017,20:00,16.10,213.56,8.96,227.09
5/9/2017,21:00,10.44,252.90,6.47,221.42
5/9/2017,22:00,7.47,251.70,5.03,211.35
5/9/2017,23:00,7.50,192.22,5.04,196.99
5/10/2017,0:00,7.48,200.22,5.35,188.22
5/10/2017,1:00,6.72,301.22,6.21,178.28
5/10/2017,2:00,6.82,194.85,6.74,175.89
5/10/2017,3:00,5.81,198.15,7.02,174.70
5/10/2017,4:00,5.04,196.80,6.32,178.65
5/10/2017,5:00,5.40,198.26,5.96,182.73
5/10/2017,6:00,4.14,249.56,5.32,182.79
5/10/2017,7:00,4.93,188.66,4.15,197.70
5/10/2017,8:00,4.50,244.28,4.57,199.20
5/10/2017,9:00,3.92,244.48,4.61,201.81
5/10/2017,10:00,3.51,241.34,4.61,206.85
5/10/2017,11:00,3.09,340.73,4.59,215.81
5/10/2017,12:00,2.54,359.01,4.03,224.51
5/10/2017,13:00,6.08,105.21,4.36,233.45
5/10/2017,14:00,4.40,359.76,4.89,255.30
5/10/2017,15:00,2.63,35.44,5.12,278.93
5/10/2017,16:00,3.38,343.99,5.84,294.67
5/10/2017,17:00,6.05,317.78,6.95,301.24
5/10/2017,18:00,6.52,309.89,7.65,306.47
5/10/2017,19:00,8.07,311.18,7.41,320.13
5/10/2017,20:00,6.87,329.43,8.12,332.15
5/10/2017,21:00,7.81,14.10,8.89,345.20
5/10/2017,22:00,8.03,41.87,9.39,349.97
5/10/2017,23:00,8.33,30.12,8.49,8.77
5/11/2017,0:00,7.64,29.00,7.21,31.43
5/11/2017,1:00,7.83,30.28,6.25,36.74
5/11/2017,2:00,7.15,23.17,6.50,37.85
5/11/2017,3:00,5.01,14.95,6.92,39.24
5/11/2017,4:00,4.78,31.23,6.96,39.24
5/11/2017,5:00,7.89,23.56,7.10,38.48
5/11/2017,6:00,7.69,13.37,7.39,36.94
5/11/2017,7:00,6.65,17.42,7.20,33.41
5/11/2017,8:00,6.05,7.89,7.15,33.01
5/11/2017,9:00,5.30,10.05,6.83,33.88
5/11/2017,10:00,4.97,32.59,6.25,36.72
5/11/2017,11:00,5.53,32.25,5.88,38.73
5/11/2017,12:00,5.44,33.41,5.40,37.22
5/11/2017,13:00,4.99,36.26,5.10,30.01
5/11/2017,14:00,3.99,30.42,4.58,11.45
5/11/2017,15:00,5.07,25.86,4.67,355.51
5/11/2017,16:00,5.77,18.03,4.74,339.07
5/11/2017,17:00,5.63,1.62,5.65,328.16
5/11/2017,18:00,10.73,315.89,6.73,329.51
5/11/2017,19:00,7.49,331.61,7.28,346.54
5/11/2017,20:00,1.78,316.40,6.96,358.15
5/11/2017,21:00,2.00,29.71,6.49,10.11
5/11/2017,22:00,3.34,357.58,6.13,22.60
5/11/2017,23:00,2.89,18.06,5.74,36.21
5/12/2017,0:00,2.17,24.99,6.34,34.55
5/12/2017,1:00,2.02,22.78,5.53,29.49
5/12/2017,2:00,1.71,24.44,5.01,28.63
5/12/2017,3:00,1.16,328.78,4.71,26.32
5/12/2017,4:00,1.32,7.00,4.60,26.77
5/12/2017,5:00,2.04,34.10,4.47,25.75
5/12/2017,6:00,1.11,22.82,4.03,29.72
5/12/2017,7:00,0.60,91.23,4.41,29.49
5/12/2017,8:00,2.63,350.26,3.77,30.93
5/12/2017,9:00,3.93,241.27,3.26,39.87
5/12/2017,10:00,2.96,163.88,3.34,45.97
5/12/2017,11:00,3.38,263.26,2.87,52.51
5/12/2017,12:00,3.95,191.08,1.24,181.11
5/12/2017,13:00,4.81,249.59,3.00,194.38
5/12/2017,14:00,4.98,356.13,3.98,211.63
5/12/2017,15:00,5.75,11.10,5.18,216.29
5/12/2017,16:00,6.94,200.34,6.64,232.59
5/12/2017,17:00,7.90,203.28,6.17,224.50
5/12/2017,18:00,9.37,210.57,6.23,231.05
5/12/2017,19:00,9.00,202.14,6.71,234.58
5/12/2017,20:00,8.88,201.58,6.57,219.96
5/12/2017,21:00,9.27,194.29,6.18,206.69
5/12/2017,22:00,9.62,189.15,6.68,205.93
5/12/2017,23:00,9.22,185.07,7.04,206.54
5/13/2017,0:00,8.81,242.52,7.29,195.72
5/13/2017,1:00,9.23,187.69,7.78,196.02
5/13/2017,2:00,8.76,187.18,7.79,195.15
5/13/2017,3:00,8.59,189.12,7.91,188.98
5/13/2017,4:00,9.80,190.72,7.91,185.66
5/13/2017,5:00,10.17,192.30,7.61,185.30
5/13/2017,6:00,11.37,192.69,7.25,187.90
5/13/2017,7:00,9.98,245.78,6.63,193.27
5/13/2017,8:00,10.92,186.86,6.63,197.11
5/13/2017,9:00,11.21,190.07,7.26,196.14
5/13/2017,10:00,11.07,193.79,7.98,197.93
5/13/2017,11:00,10.62,188.29,9.21,204.70
5/13/2017,12:00,9.09,248.05,10.35,211.05
5/13/2017,13:00,9.38,190.62,10.89,212.80
5/13/2017,14:00,10.84,191.06,11.42,213.53
5/13/2017,15:00,10.54,197.39,11.30,213.16
5/13/2017,16:00,9.78,198.45,10.81,211.98
5/13/2017,17:00,9.61,198.51,10.46,213.09
5/13/2017,18:00,10.28,196.95,9.85,214.74
5/13/2017,19:00,9.90,194.10,9.77,213.25
5/13/2017,20:00,9.99,190.06,9.45,204.97
5/13/2017,21:00,10.37,186.29,8.88,197.64
5/13/2017,22:00,9.93,246.43,9.95,196.18
5/13/2017,23:00,10.65,195.57,9.89,195.54
5/14/2017,0:00,10.13,189.55,5.83,203.82
5/14/2017,1:00,9.90,189.47,5.55,204.01
5/14/2017,2:00,8.41,0.54,4.95,204.07
5/14/2017,3:00,8.49,300.66,4.61,203.02
5/14/2017,4:00,8.23,301.81,4.26,206.67
5/14/2017,5:00,6.87,300.09,3.72,214.53
5/14/2017,6:00,5.42,3.60,3.37,218.88
5/14/2017,7:00,5.08,242.21,3.05,220.43
5/14/2017,8:00,4.42,107.30,3.20,212.11
5/14/2017,9:00,2.67,161.09,3.98,212.82
5/14/2017,10:00,2.07,110.67,4.14,225.18
5/14/2017,11:00,2.49,193.50,4.01,258.67
5/14/2017,12:00,2.64,11.16,4.72,284.92
5/14/2017,13:00,4.26,72.77,5.24,294.47
5/14/2017,14:00,4.17,317.68,5.67,298.83
5/14/2017,15:00,4.98,310.59,6.14,303.88
5/14/2017,16:00,4.81,330.96,6.79,310.43
5/14/2017,17:00,5.90,313.57,7.11,317.92
5/14/2017,18:00,7.55,312.42,7.01,328.87
5/14/2017,19:00,8.32,319.97,8.98,332.19
5/14/2017,20:00,12.49,335.41,11.32,337.05
5/14/2017,21:00,10.84,14.02,11.39,353.60
5/14/2017,22:00,12.23,44.19,9.54,28.52
5/14/2017,23:00,12.43,42.63,9.48,35.22
5/15/2017,0:00,9.28,34.01,10.53,34.56
5/15/2017,1:00,11.54,22.95,10.28,34.39
5/15/2017,2:00,13.18,30.74,10.48,31.20
5/15/2017,3:00,12.72,24.42,11.17,30.73
5/15/2017,4:00,11.20,27.10,11.70,30.38
5/15/2017,5:00,10.16,24.70,11.95,30.11
5/15/2017,6:00,8.83,25.75,11.73,29.82
5/15/2017,7:00,6.88,28.99,10.90,28.41
5/15/2017,8:00,8.15,41.32,10.77,30.83
5/15/2017,9:00,8.55,46.36,11.21,32.16
5/15/2017,10:00,9.50,38.16,11.58,33.08
5/15/2017,11:00,12.03,28.82,11.58,32.97
5/15/2017,12:00,12.14,27.10,11.23,31.97
5/15/2017,13:00,11.40,20.48,10.96,31.90
5/15/2017,14:00,11.39,18.80,11.00,31.14
5/15/2017,15:00,11.59,26.16,11.52,31.36
5/15/2017,16:00,13.88,27.64,12.10,31.20
5/15/2017,17:00,15.29,27.22,13.10,33.38
5/15/2017,18:00,14.42,25.84,13.65,37.04
5/15/2017,19:00,15.00,31.24,13.54,42.05
5/15/2017,20:00,14.36,35.26,13.88,39.46
5/15/2017,21:00,14.72,41.01,14.20,38.23
5/15/2017,22:00,15.52,40.21,14.27,34.64
5/15/2017,23:00,13.24,38.80,14.09,30.91
5/16/2017,0:00,11.56,37.89,13.88,31.91
5/16/2017,1:00,12.82,35.75,13.12,31.85
5/16/2017,2:00,14.08,36.38,12.73,31.80
5/16/2017,3:00,14.34,30.61,12.59,30.65
5/16/2017,4:00,13.24,28.71,12.40,29.73
5/16/2017,5:00,13.04,32.38,12.34,29.16
5/16/2017,6:00,14.10,33.03,12.39,29.62
5/16/2017,7:00,12.02,29.43,11.91,27.74
5/16/2017,8:00,10.28,19.27,11.94,29.68
5/16/2017,9:00,12.06,23.54,12.18,31.49
5/16/2017,10:00,11.22,19.45,11.81,33.69
5/16/2017,11:00,12.28,31.89,11.31,35.41
5/16/2017,12:00,11.31,31.00,10.63,35.59
5/16/2017,13:00,10.89,31.89,9.84,33.86
5/16/2017,14:00,10.50,37.25,9.39,34.52
5/16/2017,15:00,9.60,33.44,9.66,35.27
5/16/2017,16:00,8.56,27.24,10.05,37.40
5/16/2017,17:00,8.25,41.06,10.48,37.46
5/16/2017,18:00,9.89,53.87,10.51,42.88
5/16/2017,19:00,9.75,43.95,10.51,43.41
5/16/2017,20:00,10.10,42.20,11.29,38.09
5/16/2017,21:00,11.37,47.36,11.66,34.51
5/16/2017,22:00,11.50,47.91,11.20,33.25
5/16/2017,23:00,9.18,31.21,10.47,34.10
5/17/2017,0:00,7.34,22.49,10.09,37.14
5/17/2017,1:00,5.82,20.46,10.18,36.94
5/17/2017,2:00,4.24,27.53,10.03,36.87
5/17/2017,3:00,5.89,21.07,9.77,36.05
5/17/2017,4:00,6.90,18.07,9.41,35.12
5/17/2017,5:00,8.10,29.72,8.58,35.46
5/17/2017,6:00,9.24,32.61,7.57,36.06
5/17/2017,7:00,8.09,18.05,5.97,31.24
5/17/2017,8:00,5.65,17.60,4.28,33.78
5/17/2017,9:00,2.99,32.00,2.43,51.27
5/17/2017,10:00,3.27,214.80,1.37,187.04
5/17/2017,11:00,5.29,203.31,4.34,192.58
5/17/2017,12:00,5.89,207.20,5.43,196.53
5/17/2017,13:00,6.47,202.56,6.23,202.03
5/17/2017,14:00,9.23,219.28,6.80,210.07
5/17/2017,15:00,10.34,213.96,8.03,214.21
5/17/2017,16:00,9.70,215.79,8.59,217.99
5/17/2017,17:00,7.41,205.86,7.05,210.48
5/17/2017,18:00,5.78,258.30,5.25,64.06
5/17/2017,19:00,5.83,197.95,7.95,57.67
5/17/2017,20:00,4.87,249.38,9.62,41.92
5/17/2017,21:00,2.69,77.72,9.60,37.81
5/17/2017,22:00,2.68,50.67,7.31,39.02
5/17/2017,23:00,2.85,41.08,3.78,80.45
5/18/2017,0:00,3.72,29.57,4.43,178.18
5/18/2017,1:00,3.10,21.18,5.71,182.98
5/18/2017,2:00,3.74,6.68,5.02,187.37
5/18/2017,3:00,3.72,11.41,3.96,197.84
5/18/2017,4:00,4.46,16.05,2.89,203.06
5/18/2017,5:00,5.23,20.44,1.75,153.17
5/18/2017,6:00,5.69,20.67,1.89,86.77
5/18/2017,7:00,6.06,14.16,2.34,51.85
5/18/2017,8:00,6.80,23.37,1.84,66.16
5/18/2017,9:00,7.55,26.28,1.76,62.76
5/18/2017,10:00,8.83,28.62,2.26,57.88
5/18/2017,11:00,7.73,25.63,2.23,76.14
5/18/2017,12:00,8.04,26.36,1.80,89.48
5/18/2017,13:00,9.08,33.31,1.92,117.56
5/18/2017,14:00,8.92,29.73,1.61,198.74
5/18/2017,15:00,8.31,32.24,3.69,300.01
5/18/2017,16:00,9.13,36.68,4.94,338.56
5/18/2017,17:00,11.07,35.62,9.35,14.26
5/18/2017,18:00,11.62,34.58,8.81,49.89
5/18/2017,19:00,11.10,35.24,9.19,38.54
5/18/2017,20:00,9.71,35.75,10.28,37.32
5/18/2017,21:00,9.71,42.68,11.12,42.57
5/18/2017,22:00,10.15,45.41,11.42,37.74
5/18/2017,23:00,11.50,45.35,11.01,37.91
5/19/2017,0:00,9.85,30.86,12.06,36.21
5/19/2017,1:00,10.60,41.82,11.82,37.75
5/19/2017,2:00,11.81,45.61,11.89,36.50
5/19/2017,3:00,11.00,47.66,11.94,36.35
5/19/2017,4:00,11.03,48.60,12.17,37.12
5/19/2017,5:00,13.33,47.39,12.65,35.28
5/19/2017,6:00,13.14,39.15,12.63,34.44
5/19/2017,7:00,13.30,42.91,11.32,36.14
5/19/2017,8:00,13.55,32.95,11.29,37.22
5/19/2017,9:00,14.94,34.74,11.09,39.11
5/19/2017,10:00,13.92,29.43,10.32,40.41
5/19/2017,11:00,13.41,26.74,9.75,40.30
5/19/2017,12:00,14.18,27.62,9.49,40.97
5/19/2017,13:00,14.48,27.90,9.53,40.70
5/19/2017,14:00,15.47,26.75,10.50,38.12
5/19/2017,15:00,16.07,24.09,11.06,35.87
5/19/2017,16:00,15.97,20.34,11.58,35.26
5/19/2017,17:00,14.29,17.98,12.04,35.76
5/19/2017,18:00,13.45,23.82,12.01,37.03
5/19/2017,19:00,13.15,20.76,11.70,40.80
5/19/2017,20:00,12.36,29.31,13.04,38.82
5/19/2017,21:00,9.84,40.43,14.16,34.53
5/19/2017,22:00,12.98,37.85,14.46,33.67
5/19/2017,23:00,11.67,36.32,14.27,34.52
5/20/2017,0:00,9.33,32.70,11.70,34.00
5/20/2017,1:00,7.80,42.75,11.05,34.87
5/20/2017,2:00,8.89,52.90,10.86,38.17
5/20/2017,3:00,8.49,42.13,10.71,42.20
5/20/2017,4:00,8.25,30.08,10.86,42.52
5/20/2017,5:00,8.30,25.44,11.33,40.92
5/20/2017,6:00,9.31,28.97,11.60,38.42
5/20/2017,7:00,8.71,31.34,11.27,37.57
5/20/2017,8:00,8.08,26.64,12.67,36.58
5/20/2017,9:00,9.30,26.61,13.91,34.64
5/20/2017,10:00,10.07,32.97,14.66,32.31
5/20/2017,11:00,9.90,41.00,13.78,28.61
5/20/2017,12:00,8.27,37.73,11.47,25.70
5/20/2017,13:00,6.91,37.84,9.48,19.74
5/20/2017,14:00,7.80,12.99,8.41,6.41
5/20/2017,15:00,6.35,16.88,8.35,359.63
5/20/2017,16:00,5.34,21.24,8.78,355.49
5/20/2017,17:00,5.37,345.60,9.85,343.75
5/20/2017,18:00,7.17,330.01,9.98,340.87
5/20/2017,19:00,9.77,312.63,9.75,334.61
5/20/2017,20:00,4.46,262.94,10.04,337.70
5/20/2017,21:00,1.91,313.45,9.01,333.96
5/20/2017,22:00,1.95,19.49,7.70,335.42
5/20/2017,23:00,1.90,51.69,6.48,337.14
5/21/2017,0:00,2.71,295.53,4.72,323.72
5/21/2017,1:00,3.30,169.73,2.23,257.70
5/21/2017,2:00,5.80,194.66,2.94,210.82
5/21/2017,3:00,7.54,193.13,4.02,216.33
5/21/2017,4:00,8.20,193.38,4.65,204.26
5/21/2017,5:00,8.66,189.61,4.71,205.50
5/21/2017,6:00,8.73,192.45,5.06,202.23
5/21/2017,7:00,8.70,191.86,5.20,201.24
5/21/2017,8:00,9.36,188.26,5.87,200.38
5/21/2017,9:00,8.57,194.47,6.61,202.87
5/21/2017,10:00,8.38,193.21,7.01,202.71
5/21/2017,11:00,9.01,191.18,7.68,203.06
5/21/2017,12:00,7.65,247.14,8.67,216.96
5/21/2017,13:00,7.04,12.01,9.49,217.05
5/21/2017,14:00,6.17,307.06,9.98,217.45
5/21/2017,15:00,5.70,195.16,10.22,219.30
5/21/2017,16:00,6.73,197.81,10.07,223.20
5/21/2017,17:00,6.94,201.82,9.38,227.82
5/21/2017,18:00,6.57,271.51,8.35,231.85
5/21/2017,19:00,4.13,284.81,6.66,231.22
5/21/2017,20:00,9.09,63.45,5.53,223.47
5/21/2017,21:00,10.28,51.53,3.54,249.04
5/21/2017,22:00,10.61,43.73,4.22,41.59
5/21/2017,23:00,7.53,29.83,7.25,38.69
5/22/2017,0:00,9.19,39.05,8.91,33.92
5/22/2017,1:00,9.49,36.98,8.73,33.11
5/22/2017,2:00,9.30,30.17,8.59,33.11
5/22/2017,3:00,9.90,33.89,8.11,31.04
5/22/2017,4:00,10.04,32.98,8.91,35.68
5/22/2017,5:00,11.20,31.66,8.96,35.23
5/22/2017,6:00,11.75,36.36,9.18,34.89
5/22/2017,7:00,12.58,42.07,8.90,33.09
5/22/2017,8:00,14.07,32.14,9.30,35.89
5/22/2017,9:00,11.58,34.97,9.64,38.27
5/22/2017,10:00,10.86,21.57,10.41,36.34
5/22/2017,11:00,9.31,28.72,10.39,36.24
5/22/2017,12:00,9.53,29.08,9.97,36.47
5/22/2017,13:00,8.64,31.71,10.40,34.79
5/22/2017,14:00,9.56,39.92,11.02,33.38
5/22/2017,15:00,11.14,27.14,11.18,32.73
5/22/2017,16:00,11.61,31.75,11.08,30.82
5/22/2017,17:00,13.45,24.08,10.89,29.71
5/22/2017,18:00,14.16,25.81,10.62,28.72
5/22/2017,19:00,14.45,22.62,10.13,30.23
5/22/2017,20:00,15.22,27.29,10.11,29.07
5/22/2017,21:00,14.59,20.66,9.88,35.49
5/22/2017,22:00,14.10,18.22,10.33,33.08
5/22/2017,23:00,13.50,15.18,10.91,30.16
5/23/2017,0:00,15.07,26.47,11.56,32.22
5/23/2017,1:00,12.31,26.00,11.87,34.24
5/23/2017,2:00,10.62,29.82,11.45,35.09
5/23/2017,3:00,10.63,31.37,11.43,32.36
5/23/2017,4:00,10.81,26.78,11.85,31.66
5/23/2017,5:00,11.98,31.63,12.10,32.11
5/23/2017,6:00,10.23,28.79,12.12,32.81
5/23/2017,7:00,8.76,32.30,11.57,31.90
5/23/2017,8:00,8.52,38.49,11.43,32.74
5/23/2017,9:00,9.74,41.91,11.69,33.75
5/23/2017,10:00,9.95,39.35,11.59,35.74
5/23/2017,11:00,9.57,38.09,11.21,36.17
5/23/2017,12:00,10.01,32.74,10.27,37.15
5/23/2017,13:00,11.78,26.14,9.04,35.91
5/23/2017,14:00,11.60,30.94,8.27,32.87
5/23/2017,15:00,11.12,35.11,7.90,31.84
5/23/2017,16:00,9.93,31.48,7.63,30.20
5/23/2017,17:00,10.15,31.91,7.76,31.73
5/23/2017,18:00,11.66,37.79,7.92,25.77
5/23/2017,19:00,10.98,37.08,8.26,31.83
5/23/2017,20:00,9.26,39.38,10.55,36.44
5/23/2017,21:00,10.62,49.66,11.60,40.31
5/23/2017,22:00,10.53,44.85,11.34,41.20
5/23/2017,23:00,12.24,37.11,11.62,41.01
5/24/2017,0:00,10.80,30.57,11.95,37.37
5/24/2017,1:00,11.61,33.05,11.97,38.32
5/24/2017,2:00,9.86,31.93,11.77,37.46
5/24/2017,3:00,7.83,30.74,11.31,36.75
5/24/2017,4:00,8.86,32.59,10.99,36.55
5/24/2017,5:00,8.59,30.25,10.47,33.94
5/24/2017,6:00,7.94,26.75,9.78,34.49
5/24/2017,7:00,7.45,26.02,8.32,29.69
5/24/2017,8:00,6.81,19.63,7.05,29.06
5/24/2017,9:00,5.98,23.15,6.46,31.20
5/24/2017,10:00,5.02,29.31,5.95,33.59
5/24/2017,11:00,4.23,28.82,5.71,34.77
5/24/2017,12:00,4.19,25.27,5.58,37.26
5/24/2017,13:00,3.53,34.80,5.38,37.64
5/24/2017,14:00,4.11,34.07,5.01,35.63
5/24/2017,15:00,4.81,31.08,4.41,25.83
5/24/2017,16:00,4.60,29.94,4.24,4.31
5/24/2017,17:00,5.08,21.64,4.73,349.63
5/24/2017,18:00,4.54,11.05,5.17,332.96
5/24/2017,19:00,3.13,12.37,6.61,329.50
5/24/2017,20:00,2.17,306.55,6.04,340.70
5/24/2017,21:00,1.92,241.47,4.62,352.69
5/24/2017,22:00,1.15,336.94,3.95,22.74
5/24/2017,23:00,2.64,55.93,4.18,30.91
5/25/2017,0:00,2.29,28.77,2.78,289.93
5/25/2017,1:00,1.82,19.42,1.73,212.68
5/25/2017,2:00,2.07,36.19,2.61,213.17
5/25/2017,3:00,2.76,46.24,2.41,208.53
5/25/2017,4:00,1.65,27.63,2.53,212.39
5/25/2017,5:00,0.72,5.47,2.79,217.15
5/25/2017,6:00,0.74,28.41,2.76,211.05
5/25/2017,7:00,2.13,217.82,2.64,201.11
5/25/2017,8:00,1.75,225.87,3.42,200.18
5/25/2017,9:00,4.19,266.65,4.34,200.88
5/25/2017,10:00,3.49,302.46,5.14,201.63
5/25/2017,11:00,4.29,191.16,5.65,202.20
5/25/2017,12:00,5.76,193.66,6.74,215.29
5/25/2017,13:00,7.41,197.89,7.73,217.10
5/25/2017,14:00,8.84,212.60,7.68,216.51
5/25/2017,15:00,9.70,209.17,8.19,215.28
5/25/2017,16:00,10.79,204.50,8.87,214.33
5/25/2017,17:00,11.48,206.34,8.97,213.43
5/25/2017,18:00,10.61,206.59,8.47,212.03
5/25/2017,19:00,9.77,211.06,7.56,210.12
5/25/2017,20:00,8.91,205.02,6.59,208.93
5/25/2017,21:00,8.71,206.64,5.28,214.26
5/25/2017,22:00,9.06,206.49,4.69,208.90
5/25/2017,23:00,7.62,203.18,4.68,200.71
5/26/2017,0:00,7.32,191.33,4.98,200.41
5/26/2017,1:00,7.47,194.00,5.17,181.77
5/26/2017,2:00,7.46,196.54,5.80,185.60
5/26/2017,3:00,6.85,200.09,5.11,191.76
5/26/2017,4:00,4.86,113.85,4.49,200.76
5/26/2017,5:00,4.82,67.51,4.14,201.45
5/26/2017,6:00,5.19,0.30,4.32,199.24
5/26/2017,7:00,5.26,186.51,4.37,202.23
5/26/2017,8:00,6.09,187.95,5.00,200.52
5/26/2017,9:00,7.27,192.08,5.43,196.35
5/26/2017,10:00,7.03,190.37,5.84,196.77
5/26/2017,11:00,7.72,195.08,6.59,197.06
5/26/2017,12:00,8.97,198.39,6.99,205.90
5/26/2017,13:00,9.99,206.75,8.12,217.27
5/26/2017,14:00,11.60,202.85,8.95,218.07
5/26/2017,15:00,11.34,216.46,9.26,218.07
5/26/2017,16:00,12.57,218.05,9.40,217.77
5/26/2017,17:00,11.77,203.78,8.88,217.34
5/26/2017,18:00,9.88,191.70,8.13,216.44
5/26/2017,19:00,6.97,201.72,7.29,213.45
5/26/2017,20:00,6.12,194.38,6.09,212.69
5/26/2017,21:00,5.89,189.73,4.42,215.90
5/26/2017,22:00,2.56,310.02,2.99,212.95
5/26/2017,23:00,3.54,21.57,1.78,192.42
5/27/2017,0:00,2.50,1.49,5.43,200.48
5/27/2017,1:00,1.76,273.01,5.02,192.04
5/27/2017,2:00,3.38,252.22,5.44,190.25
5/27/2017,3:00,3.66,352.72,5.13,190.10
5/27/2017,4:00,3.20,247.38,4.81,194.50
5/27/2017,5:00,3.18,316.28,4.19,204.59
5/27/2017,6:00,1.87,219.00,4.26,215.38
5/27/2017,7:00,0.73,19.20,3.53,207.05
5/27/2017,8:00,2.30,1.93,3.64,197.71
5/27/2017,9:00,2.54,206.64,3.16,202.81
5/27/2017,10:00,1.44,253.36,4.36,204.01
5/27/2017,11:00,2.11,51.84,4.27,206.80
5/27/2017,12:00,3.13,22.02,4.59,216.34
5/27/2017,13:00,8.09,210.12,6.28,212.54
5/27/2017,14:00,3.90,83.88,9.38,206.13
5/27/2017,15:00,2.94,55.77,7.80,204.39
5/27/2017,16:00,4.32,249.68,5.91,232.19
5/27/2017,17:00,3.87,201.31,5.18,230.78
5/27/2017,18:00,1.82,3.42,5.14,230.22
5/27/2017,19:00,3.21,16.60,2.55,315.39
5/27/2017,20:00,4.07,13.18,3.38,42.05
5/27/2017,21:00,4.69,15.23,3.99,36.74
5/27/2017,22:00,4.51,21.10,4.97,37.48
5/27/2017,23:00,5.55,38.17,5.50,43.86
5/28/2017,0:00,5.99,25.44,3.91,2.10
5/28/2017,1:00,5.60,11.26,4.26,23.77
5/28/2017,2:00,5.18,23.27,4.61,27.97
5/28/2017,3:00,4.74,18.59,5.22,33.38
5/28/2017,4:00,6.15,29.15,5.84,34.34
5/28/2017,5:00,6.27,26.19,7.81,38.87
5/28/2017,6:00,6.79,26.09,8.58,36.04
5/28/2017,7:00,7.14,27.39,8.33,31.92
5/28/2017,8:00,7.81,33.49,8.38,32.39
5/28/2017,9:00,7.87,25.90,8.25,35.46
5/28/2017,10:00,7.69,25.88,7.73,40.73
5/28/2017,11:00,6.51,26.05,6.58,40.31
5/28/2017,12:00,7.09,26.13,5.65,39.60
5/28/2017,13:00,6.88,30.89,5.47,41.36
5/28/2017,14:00,6.70,35.59,5.59,45.93
5/28/2017,15:00,7.94,46.47,6.30,30.81
5/28/2017,16:00,9.03,30.86,7.60,25.38
5/28/2017,17:00,11.59,32.51,8.58,36.74
5/28/2017,18:00,12.56,31.59,10.69,37.32
5/28/2017,19:00,12.81,30.90,10.08,40.44
5/28/2017,20:00,12.72,27.38,10.22,35.78
5/28/2017,21:00,11.90,31.11,10.38,34.35
5/28/2017,22:00,11.65,28.63,10.45,34.32
5/28/2017,23:00,12.09,37.32,9.98,36.88
5/29/2017,0:00,10.79,37.38,7.50,35.27
5/29/2017,1:00,9.78,39.55,7.97,37.31
5/29/2017,2:00,11.00,42.35,7.70,38.00
5/29/2017,3:00,12.36,41.10,7.76,33.35
5/29/2017,4:00,12.24,41.06,7.43,34.75
5/29/2017,5:00,11.15,42.87,7.46,36.43
5/29/2017,6:00,10.62,45.42,7.25,34.94
5/29/2017,7:00,10.54,39.51,6.37,29.78
5/29/2017,8:00,9.14,27.84,6.09,32.54
5/29/2017,9:00,7.28,26.71,5.93,35.27
5/29/2017,10:00,7.10,22.77,5.01,37.18
5/29/2017,11:00,7.00,22.72,3.93,41.49
5/29/2017,12:00,5.90,30.57,2.64,71.12
5/29/2017,13:00,4.51,25.79,0.96,172.86
5/29/2017,14:00,3.96,13.61,1.48,192.77
5/29/2017,15:00,1.46,66.44,8.04,171.65
5/29/2017,16:00,2.59,7.48,8.13,246.46
5/29/2017,17:00,3.85,255.68,5.49,288.51
5/29/2017,18:00,4.76,304.50,1.50,180.96
5/29/2017,19:00,5.89,7.51,1.15,98.70
5/29/2017,20:00,3.26,16.18,1.84,139.12
5/29/2017,21:00,3.17,7.04,1.98,198.14
5/29/2017,22:00,3.64,12.67,3.45,206.68
5/29/2017,23:00,3.41,26.59,3.55,199.15
5/30/2017,0:00,2.46,32.63,4.45,205.25
5/30/2017,1:00,1.59,97.41,4.50,193.88
5/30/2017,2:00,2.64,202.98,5.13,192.14
5/30/2017,3:00,2.69,250.43,5.44,198.54
5/30/2017,4:00,1.45,131.17,5.16,210.03
5/30/2017,5:00,1.05,92.12,4.42,208.87
5/30/2017,6:00,0.97,280.20,3.45,189.98
5/30/2017,7:00,4.88,0.13,3.52,175.93
5/30/2017,8:00,3.10,252.21,4.56,184.25
5/30/2017,9:00,0.88,51.01,5.90,174.71
5/30/2017,10:00,0.71,294.73,6.50,172.13
5/30/2017,11:00,0.95,278.61,5.66,190.60
5/30/2017,12:00,1.02,20.16,4.72,180.07
5/30/2017,13:00,1.59,20.60,5.47,207.45
5/30/2017,14:00,4.59,10.70,3.32,262.40
5/30/2017,15:00,2.20,10.98,4.48,278.85
5/30/2017,16:00,2.46,21.11,4.78,286.78
5/30/2017,17:00,2.65,30.69,6.25,298.40
5/30/2017,18:00,3.68,29.01,6.85,306.48
5/30/2017,19:00,1.90,352.43,6.34,323.04
5/30/2017,20:00,1.05,298.30,6.99,339.06
5/30/2017,21:00,1.91,208.19,7.94,346.61
5/30/2017,22:00,1.71,199.66,8.63,0.10
5/30/2017,23:00,1.36,15.64,7.65,6.89
5/31/2017,0:00,1.45,310.43,4.48,7.24
5/31/2017,1:00,1.86,163.73,3.62,16.31
5/31/2017,2:00,1.98,95.52,2.22,23.82
5/31/2017,3:00,1.83,301.47,0.58,132.33
5/31/2017,4:00,1.92,120.63,1.04,224.14
5/31/2017,5:00,3.29,296.60,1.80,232.90
5/31/2017,6:00,2.99,191.61,1.65,242.01
5/31/2017,7:00,2.11,197.63,1.09,192.14
5/31/2017,8:00,1.99,159.23,0.82,174.73
5/31/2017,9:00,2.79,103.13,0.99,191.53
5/31/2017,10:00,1.84,0.60,0.91,202.15
5/31/2017,11:00,2.11,195.80,0.53,263.09
5/31/2017,12:00,2.53,250.97,1.04,339.38
5/31/2017,13:00,1.86,216.88,2.86,327.07
5/31/2017,14:00,1.61,292.85,3.83,316.87
5/31/2017,15:00,2.69,9.08,4.62,311.17
5/31/2017,16:00,4.80,310.71,5.82,304.85
5/31/2017,17:00,3.20,333.38,6.79,301.09
5/31/2017,18:00,4.92,320.15,7.27,300.23
5/31/2017,19:00,3.68,346.26,7.34,304.09
5/31/2017,20:00,2.19,337.44,7.98,311.25
5/31/2017,21:00,1.84,307.47,7.07,322.90
5/31/2017,22:00,1.30,220.12,6.04,334.57
5/31/2017,23:00,1.59,53.59,5.21,358.78
6/1/2017,0:00,0.49,356.62,3.90,347.04
6/1/2017,1:00,0.67,251.44,2.70,0.44
6/1/2017,2:00,0.60,28.20,1.27,337.06
6/1/2017,3:00,1.30,30.16,0.52,238.26
6/1/2017,4:00,1.72,343.09,0.57,266.11
6/1/2017,5:00,0.71,304.57,0.44,306.75
6/1/2017,6:00,1.20,239.61,0.25,314.79
6/1/2017,7:00,0.55,255.07,0.30,152.02
6/1/2017,8:00,0.89,23.95,0.37,166.29
6/1/2017,9:00,1.24,24.60,0.17,89.29
6/1/2017,10:00,1.30,2.05,0.50,38.88
6/1/2017,11:00,1.44,310.26,2.12,33.59
6/1/2017,12:00,3.70,47.61,3.73,26.87
6/1/2017,13:00,4.89,42.69,4.28,20.75
6/1/2017,14:00,4.43,39.37,4.35,5.31
6/1/2017,15:00,4.79,27.53,4.78,344.17
6/1/2017,16:00,4.46,35.55,5.59,326.59
6/1/2017,17:00,3.09,10.15,6.87,318.88
6/1/2017,18:00,3.48,28.20,7.61,319.63
6/1/2017,19:00,2.50,285.87,8.02,325.40
6/1/2017,20:00,6.33,326.94,7.85,332.99
6/1/2017,21:00,4.61,351.93,7.35,343.26
6/1/2017,22:00,5.47,353.02,6.95,356.06
6/1/2017,23:00,1.76,343.99,6.64,2.54
6/2/2017,0:00,3.63,348.60,7.17,9.45
6/2/2017,1:00,2.69,358.42,6.76,20.46
6/2/2017,2:00,1.76,359.12,6.10,29.29
6/2/2017,3:00,1.14,40.67,5.67,30.95
6/2/2017,4:00,1.85,40.73,5.33,29.97
6/2/2017,5:00,2.18,31.79,5.30,30.69
6/2/2017,6:00,1.46,5.12,5.65,30.69
6/2/2017,7:00,3.32,27.27,5.54,27.60
6/2/2017,8:00,5.10,30.86,5.55,31.17
6/2/2017,9:00,5.19,23.52,5.36,34.87
6/2/2017,10:00,5.13,27.60,5.29,36.95
6/2/2017,11:00,4.60,32.45,5.23,38.61
6/2/2017,12:00,4.65,34.18,5.24,37.61
6/2/2017,13:00,4.53,30.60,4.84,38.37
6/2/2017,14:00,4.48,30.96,4.47,41.31
6/2/2017,15:00,5.12,37.04,4.50,38.30
6/2/2017,16:00,4.92,18.63,4.86,13.37
6/2/2017,17:00,5.52,18.51,5.70,355.29
6/2/2017,18:00,5.32,16.97,5.94,334.54
6/2/2017,19:00,5.07,7.75,6.77,334.81
6/2/2017,20:00,5.28,4.22,6.13,345.16
6/2/2017,21:00,6.49,12.84,5.87,359.45
6/2/2017,22:00,6.00,11.80,5.74,7.21
6/2/2017,23:00,5.18,10.84,5.24,13.58
6/3/2017,0:00,3.20,3.44,6.01,12.78
6/3/2017,1:00,2.76,11.08,4.91,18.20
6/3/2017,2:00,3.61,22.57,4.25,26.03
6/3/2017,3:00,4.23,8.87,4.11,31.78
6/3/2017,4:00,3.63,355.39,4.43,36.16
6/3/2017,5:00,3.55,8.20,4.65,35.88
6/3/2017,6:00,4.16,14.18,4.60,36.58
6/3/2017,7:00,5.31,20.51,4.31,34.07
6/3/2017,8:00,4.35,3.59,3.65,39.28
6/3/2017,9:00,3.88,353.49,2.86,44.82
6/3/2017,10:00,2.32,23.75,1.46,72.73
6/3/2017,11:00,2.56,10.76,0.83,181.82
6/3/2017,12:00,2.55,37.07,2.09,217.41
6/3/2017,13:00,3.44,37.79,2.84,218.87
6/3/2017,14:00,3.58,349.03,2.86,250.17
6/3/2017,15:00,1.62,25.56,3.62,301.47
6/3/2017,16:00,1.44,9.96,5.08,278.80
6/3/2017,17:00,3.10,233.79,3.92,261.66
6/3/2017,18:00,4.07,263.94,5.01,269.40
6/3/2017,19:00,4.80,353.18,4.90,284.91
6/3/2017,20:00,3.75,41.02,4.53,289.18
6/3/2017,21:00,3.77,32.17,1.96,232.17
6/3/2017,22:00,2.70,55.60,1.03,52.75
6/3/2017,23:00,1.37,33.02,2.66,25.42
6/4/2017,0:00,3.17,55.90,1.30,201.46
6/4/2017,1:00,3.61,295.19,1.20,192.45
6/4/2017,2:00,5.05,200.60,2.10,206.16
6/4/2017,3:00,2.92,308.38,2.50,209.16
6/4/2017,4:00,1.33,67.23,1.99,211.37
6/4/2017,5:00,1.54,154.84,1.68,209.58
6/4/2017,6:00,0.80,82.72,1.50,195.62
6/4/2017,7:00,1.04,41.22,0.65,167.53
6/4/2017,8:00,1.18,347.91,0.78,179.72
6/4/2017,9:00,2.59,16.04,1.33,198.37
6/4/2017,10:00,1.25,311.24,2.38,214.34
6/4/2017,11:00,2.28,195.84,2.12,220.17
6/4/2017,12:00,3.05,12.30,2.64,240.11
6/4/2017,13:00,8.67,32.95,2.07,254.32
6/4/2017,14:00,11.19,36.31,4.51,253.80
6/4/2017,15:00,10.09,28.30,6.22,303.05
6/4/2017,16:00,7.48,15.53,8.96,53.20
6/4/2017,17:00,4.60,354.42,15.23,51.33
6/4/2017,18:00,4.48,7.30,13.43,43.77
6/4/2017,19:00,6.64,7.78,9.74,39.83
6/4/2017,20:00,7.68,17.34,7.77,43.92
6/4/2017,21:00,7.91,20.52,6.32,26.38
6/4/2017,22:00,7.34,17.24,6.76,22.64
6/4/2017,23:00,6.35,14.63,5.08,26.35
6/5/2017,0:00,6.00,14.02,2.47,349.95
6/5/2017,1:00,5.16,2.67,0.94,215.67
6/5/2017,2:00,5.02,15.47,1.06,264.04
6/5/2017,3:00,6.01,26.50,0.67,319.59
6/5/2017,4:00,6.30,21.64,1.50,17.63
6/5/2017,5:00,6.83,23.43,3.87,31.08
6/5/2017,6:00,6.49,19.89,5.80,36.00
6/5/2017,7:00,7.55,23.41,5.94,32.69
6/5/2017,8:00,6.88,19.57,5.74,30.12
6/5/2017,9:00,6.19,14.61,5.09,33.10
6/5/2017,10:00,5.81,13.64,3.71,35.89
6/5/2017,11:00,5.85,15.90,1.52,72.74
6/5/2017,12:00,6.04,15.74,1.28,227.71
6/5/2017,13:00,5.28,2.59,2.20,270.08
6/5/2017,14:00,3.79,29.24,2.28,292.42
6/5/2017,15:00,3.73,34.84,3.81,307.83
6/5/2017,16:00,4.40,30.50,5.12,301.05
6/5/2017,17:00,5.94,15.69,5.86,302.59
6/5/2017,18:00,5.62,13.10,5.58,310.58
6/5/2017,19:00,6.17,1.67,5.83,317.70
6/5/2017,20:00,5.47,357.90,5.68,331.11
6/5/2017,21:00,5.88,13.31,4.51,7.05
6/5/2017,22:00,5.03,16.17,5.35,18.22
6/5/2017,23:00,3.84,19.72,5.77,40.99
6/6/2017,0:00,3.66,34.74,4.33,38.22
6/6/2017,1:00,4.15,28.74,3.32,37.72
6/6/2017,2:00,4.59,22.99,2.31,38.71
6/6/2017,3:00,3.07,42.46,1.49,24.00
6/6/2017,4:00,1.15,76.12,0.35,42.05
6/6/2017,5:00,1.65,13.08,1.08,37.70
6/6/2017,6:00,3.23,8.14,1.59,34.35
6/6/2017,7:00,4.76,33.85,2.00,37.59
6/6/2017,8:00,4.03,25.27,2.23,50.71
6/6/2017,9:00,4.10,26.55,2.82,46.39
6/6/2017,10:00,3.02,26.24,2.25,53.53
6/6/2017,11:00,2.56,25.48,1.00,221.79
6/6/2017,12:00,2.10,32.31,2.60,242.17
6/6/2017,13:00,3.54,21.92,2.18,260.08
6/6/2017,14:00,3.31,32.86,1.92,253.13
6/6/2017,15:00,2.74,21.59,2.28,264.62
6/6/2017,16:00,3.48,28.30,3.14,282.69
6/6/2017,17:00,3.96,28.66,4.18,279.38
6/6/2017,18:00,2.78,25.77,4.10,289.39
6/6/2017,19:00,1.92,58.53,3.96,308.18
6/6/2017,20:00,2.98,101.05,2.66,312.37
6/6/2017,21:00,1.13,67.30,0.81,344.48
6/6/2017,22:00,0.88,339.21,0.44,131.52
6/6/2017,23:00,1.26,213.68,1.03,154.99
6/7/2017,0:00,1.55,88.97,0.82,83.60
6/7/2017,1:00,3.31,17.38,1.70,36.76
6/7/2017,2:00,3.03,19.01,1.62,31.06
6/7/2017,3:00,2.79,45.31,1.67,34.35
6/7/2017,4:00,2.84,33.69,2.00,40.22
6/7/2017,5:00,4.11,16.83,3.26,37.18
6/7/2017,6:00,4.76,19.20,3.93,37.27
6/7/2017,7:00,5.24,23.60,4.21,34.05
6/7/2017,8:00,4.69,19.83,3.01,40.25
6/7/2017,9:00,4.37,23.38,3.66,39.06
6/7/2017,10:00,3.98,24.45,3.91,40.86
6/7/2017,11:00,4.34,21.78,2.09,61.74
6/7/2017,12:00,4.02,29.48,0.92,104.58
6/7/2017,13:00,3.57,33.64,1.14,220.81
6/7/2017,14:00,3.59,27.82,2.69,252.20
6/7/2017,15:00,3.57,27.60,1.45,336.02
6/7/2017,16:00,4.37,25.44,2.99,16.98
6/7/2017,17:00,3.48,27.40,3.57,15.83
6/7/2017,18:00,2.24,59.18,3.80,299.94
6/7/2017,19:00,4.30,58.37,6.61,312.30
6/7/2017,20:00,4.66,304.07,3.90,21.90
6/7/2017,21:00,4.06,191.09,2.96,35.58
6/7/2017,22:00,2.13,216.85,2.27,40.18
6/7/2017,23:00,0.96,61.96,4.71,31.93
6/8/2017,0:00,0.99,314.21,5.99,33.66
6/8/2017,1:00,1.03,307.82,5.54,35.25
6/8/2017,2:00,2.76,254.18,4.61,33.89
6/8/2017,3:00,3.52,302.05,3.31,25.01
6/8/2017,4:00,3.44,147.84,2.39,32.04
6/8/2017,5:00,1.88,95.76,2.27,307.52
6/8/2017,6:00,3.43,1.13,3.71,333.01
6/8/2017,7:00,6.30,355.76,4.67,25.54
6/8/2017,8:00,7.81,21.04,6.86,38.41
6/8/2017,9:00,7.02,24.92,7.60,7.72
6/8/2017,10:00,6.68,24.15,3.33,16.18
6/8/2017,11:00,6.55,23.90,5.93,359.01
6/8/2017,12:00,3.73,15.89,8.32,335.37
6/8/2017,13:00,2.73,9.73,11.63,327.61
6/8/2017,14:00,2.20,28.16,15.73,306.06
6/8/2017,15:00,3.89,359.22,14.42,296.23
6/8/2017,16:00,1.47,23.22,2.91,184.46
6/8/2017,17:00,2.73,327.53,4.39,38.69
6/8/2017,18:00,5.19,46.65,5.74,11.32
6/8/2017,19:00,4.05,27.33,9.09,38.95
6/8/2017,20:00,3.73,37.25,9.57,31.92
6/8/2017,21:00,6.85,22.92,8.25,19.84
6/8/2017,22:00,6.53,26.92,9.35,35.70
6/8/2017,23:00,4.79,30.23,9.48,37.51
6/9/2017,0:00,6.08,22.75,8.63,49.45
6/9/2017,1:00,6.18,29.27,8.34,35.39
6/9/2017,2:00,3.69,17.16,8.13,33.81
6/9/2017,3:00,2.40,358.25,7.93,35.87
6/9/2017,4:00,3.05,32.11,7.72,33.10
6/9/2017,5:00,5.92,30.65,7.54,24.55
6/9/2017,6:00,6.95,31.31,7.09,33.04
6/9/2017,7:00,4.54,29.55,7.68,37.82
6/9/2017,8:00,6.95,40.37,9.70,40.60
6/9/2017,9:00,6.55,32.76,8.73,39.06
6/9/2017,10:00,5.65,47.02,7.07,39.55
6/9/2017,11:00,6.38,42.52,5.62,30.55
6/9/2017,12:00,6.56,38.99,5.54,359.02
6/9/2017,13:00,6.41,27.72,5.96,335.35
6/9/2017,14:00,6.61,19.74,7.39,330.65
6/9/2017,15:00,4.17,350.50,7.90,329.19
6/9/2017,16:00,8.56,313.48,8.65,329.26
6/9/2017,17:00,11.49,316.77,9.77,330.72
6/9/2017,18:00,11.31,310.63,10.69,332.15
6/9/2017,19:00,11.14,334.50,10.86,331.12
6/9/2017,20:00,8.53,347.46,11.80,336.14
6/9/2017,21:00,11.49,355.36,11.38,347.33
6/9/2017,22:00,9.91,28.57,9.07,37.30
6/9/2017,23:00,12.19,50.57,10.25,39.80
6/10/2017,0:00,7.88,30.64,10.89,40.28
6/10/2017,1:00,10.99,32.15,11.24,38.50
6/10/2017,2:00,11.82,29.64,10.85,37.07
6/10/2017,3:00,10.46,29.67,10.39,37.60
6/10/2017,4:00,11.53,29.51,9.79,38.14
6/10/2017,5:00,10.08,29.60,9.12,38.41
6/10/2017,6:00,9.74,27.51,8.86,37.65
6/10/2017,7:00,9.49,30.38,8.58,37.97
6/10/2017,8:00,7.56,34.11,8.44,40.46
6/10/2017,9:00,8.18,33.34,7.84,41.20
6/10/2017,10:00,8.26,42.11,7.07,40.73
6/10/2017,11:00,7.40,39.02,6.70,36.25
6/10/2017,12:00,7.50,39.97,6.71,21.29
6/10/2017,13:00,8.43,35.69,7.13,6.12
6/10/2017,14:00,7.57,35.43,7.44,8.28
6/10/2017,15:00,7.43,37.59,7.70,7.50
6/10/2017,16:00,7.37,37.90,8.25,2.66
6/10/2017,17:00,8.23,35.54,8.79,2.51
6/10/2017,18:00,8.80,35.41,9.02,15.58
6/10/2017,19:00,10.43,34.10,9.50,29.00
6/10/2017,20:00,12.88,35.42,10.29,32.72
6/10/2017,21:00,13.69,37.38,11.17,35.01
6/10/2017,22:00,14.70,39.36,11.77,32.69
6/10/2017,23:00,13.18,38.34,11.47,31.49
6/11/2017,0:00,9.62,36.80,11.24,31.34
6/11/2017,1:00,8.79,27.09,10.66,31.38
6/11/2017,2:00,8.96,31.06,9.42,34.04
6/11/2017,3:00,8.75,25.00,9.08,36.35
6/11/2017,4:00,9.75,30.11,9.40,36.11
6/11/2017,5:00,8.88,34.07,9.90,35.71
6/11/2017,6:00,7.03,32.03,10.12,34.14
6/11/2017,7:00,7.18,31.91,8.91,31.00
6/11/2017,8:00,8.12,26.89,8.41,30.99
6/11/2017,9:00,7.77,21.16,8.30,34.43
6/11/2017,10:00,7.16,19.80,8.05,38.36
6/11/2017,11:00,7.48,23.40,7.67,39.97
6/11/2017,12:00,7.58,29.21,7.08,41.28
6/11/2017,13:00,7.39,31.32,6.52,42.15
6/11/2017,14:00,7.32,34.50,6.12,44.69
6/11/2017,15:00,7.24,33.79,5.75,45.35
6/11/2017,16:00,8.10,39.73,5.76,34.28
6/11/2017,17:00,8.08,38.28,6.53,22.61
6/11/2017,18:00,8.55,38.35,7.32,13.17
6/11/2017,19:00,9.65,37.21,8.55,35.36
6/11/2017,20:00,10.03,46.84,10.03,42.80
6/11/2017,21:00,11.37,52.28,10.27,42.34
6/11/2017,22:00,12.28,49.57,10.09,40.41
6/11/2017,23:00,12.19,46.40,9.95,38.28
6/12/2017,0:00,10.13,36.21,9.34,35.10
6/12/2017,1:00,8.01,31.67,9.06,36.09
6/12/2017,2:00,9.66,38.00,9.21,36.74
6/12/2017,3:00,9.35,33.42,9.27,34.84
6/12/2017,4:00,8.70,29.84,9.24,32.44
6/12/2017,5:00,10.47,38.90,9.57,34.08
6/12/2017,6:00,10.86,35.48,10.00,33.10
6/12/2017,7:00,10.43,31.46,9.48,31.13
6/12/2017,8:00,11.08,30.63,9.24,32.43
6/12/2017,9:00,10.79,28.18,9.06,35.14
6/12/2017,10:00,9.49,25.78,9.19,39.21
6/12/2017,11:00,10.28,29.14,9.03,40.32
6/12/2017,12:00,10.26,28.16,8.42,40.31
6/12/2017,13:00,9.56,30.83,8.03,40.35
6/12/2017,14:00,8.56,32.51,7.66,40.07
6/12/2017,15:00,7.60,34.17,7.78,41.50
6/12/2017,16:00,6.75,37.48,8.92,43.79
6/12/2017,17:00,5.53,47.63,10.22,40.87
6/12/2017,18:00,7.91,34.29,10.03,47.98
6/12/2017,19:00,11.68,53.29,11.08,47.68
6/12/2017,20:00,12.33,42.82,11.81,44.60
6/12/2017,21:00,9.70,19.21,9.04,357.19
6/12/2017,22:00,8.20,11.78,7.99,37.18
6/12/2017,23:00,9.32,15.27,9.13,38.40
6/13/2017,0:00,10.18,17.74,7.98,35.83
6/13/2017,1:00,10.99,25.46,8.44,31.30
6/13/2017,2:00,9.15,22.93,8.27,30.87
6/13/2017,3:00,9.24,30.07,7.86,31.76
6/13/2017,4:00,8.70,21.64,8.15,38.74
6/13/2017,5:00,9.13,25.06,9.11,41.23
6/13/2017,6:00,7.58,12.24,8.80,37.28
6/13/2017,7:00,7.12,13.75,6.93,28.84
6/13/2017,8:00,7.56,19.89,6.73,34.40
6/13/2017,9:00,6.92,18.77,6.41,34.79
6/13/2017,10:00,6.02,24.50,5.89,35.11
6/13/2017,11:00,6.17,20.31,5.86,36.84
6/13/2017,12:00,6.15,24.88,5.78,35.67
6/13/2017,13:00,6.42,22.44,4.75,40.52
6/13/2017,14:00,6.65,26.88,4.58,16.14
6/13/2017,15:00,6.12,31.57,3.27,225.19
6/13/2017,16:00,5.64,44.26,3.70,202.74
6/13/2017,17:00,8.09,4.32,7.82,215.39
6/13/2017,18:00,9.30,22.17,6.87,244.01
6/13/2017,19:00,7.35,58.84,6.60,235.81
6/13/2017,20:00,10.15,188.83,2.90,195.03
6/13/2017,21:00,6.66,357.56,1.91,22.98
6/13/2017,22:00,4.00,248.24,5.63,31.92
6/13/2017,23:00,3.02,312.56,6.00,31.02
6/14/2017,0:00,6.76,22.12,7.68,29.42
6/14/2017,1:00,5.52,17.48,8.47,39.07
6/14/2017,2:00,5.40,22.32,8.07,39.22
6/14/2017,3:00,5.05,14.66,8.34,32.14
6/14/2017,4:00,5.70,25.15,10.36,32.97
6/14/2017,5:00,6.64,26.65,11.49,33.10
6/14/2017,6:00,7.11,36.31,11.47,31.79
6/14/2017,7:00,8.41,33.80,10.80,32.93
6/14/2017,8:00,8.12,23.86,9.77,34.81
6/14/2017,9:00,6.96,30.47,8.87,34.97
6/14/2017,10:00,8.12,27.85,7.90,40.83
6/14/2017,11:00,7.31,32.84,7.56,33.35
6/14/2017,12:00,6.82,29.85,7.28,14.63
6/14/2017,13:00,7.24,23.92,6.94,14.99
6/14/2017,14:00,7.25,23.60,6.98,8.63
6/14/2017,15:00,6.22,27.75,7.46,359.27
6/14/2017,16:00,6.00,8.73,8.02,355.62
6/14/2017,17:00,7.03,355.80,8.73,350.92
6/14/2017,18:00,8.00,325.47,9.32,348.04
6/14/2017,19:00,8.86,334.63,9.10,0.74
6/14/2017,20:00,8.12,347.35,9.51,13.99
6/14/2017,21:00,8.78,355.29,10.86,12.20
6/14/2017,22:00,9.12,10.64,10.76,18.46
6/14/2017,23:00,7.31,14.68,9.73,31.71
6/15/2017,0:00,6.06,8.97,9.14,21.25
6/15/2017,1:00,4.11,5.71,8.35,27.76
6/15/2017,2:00,5.01,0.88,8.29,29.77
6/15/2017,3:00,4.99,9.51,8.59,30.45
6/15/2017,4:00,5.26,19.82,8.64,31.99
6/15/2017,5:00,5.80,30.32,8.63,32.68
6/15/2017,6:00,6.66,21.99,8.49,33.24
6/15/2017,7:00,6.88,29.47,7.81,32.55
6/15/2017,8:00,7.60,31.26,7.27,34.67
6/15/2017,9:00,6.10,27.86,6.69,37.00
6/15/2017,10:00,3.27,28.37,6.24,39.39
6/15/2017,11:00,4.01,37.29,5.93,42.27
6/15/2017,12:00,5.71,30.69,5.90,44.72
6/15/2017,13:00,4.87,40.24,6.13,47.43
6/15/2017,14:00,4.95,39.56,10.29,54.71
6/15/2017,15:00,4.70,35.68,10.43,51.70
6/15/2017,16:00,5.45,41.29,7.98,49.05
6/15/2017,17:00,4.44,358.40,5.84,35.10
6/15/2017,18:00,5.90,307.54,5.76,5.02
6/15/2017,19:00,6.91,326.70,7.42,355.29
6/15/2017,20:00,4.58,330.39,8.62,348.02
6/15/2017,21:00,2.32,26.42,9.32,351.64
6/15/2017,22:00,5.33,11.55,9.16,33.27
6/15/2017,23:00,7.69,5.18,10.10,35.38
6/16/2017,0:00,7.62,31.95,9.34,33.69
6/16/2017,1:00,7.55,33.94,9.21,34.98
6/16/2017,2:00,7.30,34.75,9.14,35.21
6/16/2017,3:00,7.51,40.83,9.08,34.49
6/16/2017,4:00,7.42,32.93,8.95,35.29
6/16/2017,5:00,6.87,35.65,8.82,35.41
6/16/2017,6:00,7.57,40.65,8.56,34.09
6/16/2017,7:00,6.17,33.65,7.43,30.16
6/16/2017,8:00,6.36,26.05,6.92,33.35
6/16/2017,9:00,6.16,21.65,6.77,37.10
6/16/2017,10:00,6.06,21.26,6.64,41.02
6/16/2017,11:00,6.58,29.05,6.62,43.53
6/16/2017,12:00,6.77,33.45,6.49,44.50
6/16/2017,13:00,6.87,37.18,6.38,46.08
6/16/2017,14:00,6.90,37.34,6.22,43.87
6/16/2017,15:00,6.24,35.14,6.05,35.89
6/16/2017,16:00,6.81,43.01,6.35,29.73
6/16/2017,17:00,7.69,41.80,7.30,28.18
6/16/2017,18:00,8.91,39.71,8.00,31.11
6/16/2017,19:00,9.79,35.01,8.09,39.65
6/16/2017,20:00,10.91,41.95,9.49,47.19
6/16/2017,21:00,12.63,52.64,10.61,50.43
6/16/2017,22:00,11.76,55.74,10.35,48.45
6/16/2017,23:00,8.93,40.29,9.73,47.31
6/17/2017,0:00,7.51,29.66,9.09,43.68
6/17/2017,1:00,7.45,29.99,8.42,41.98
6/17/2017,2:00,7.76,31.68,7.69,38.57
6/17/2017,3:00,6.93,27.98,7.21,38.62
6/17/2017,4:00,6.25,40.21,7.04,35.31
6/17/2017,5:00,6.27,32.15,6.87,35.67
6/17/2017,6:00,5.90,31.38,7.32,39.13
6/17/2017,7:00,4.78,39.69,7.04,36.72
6/17/2017,8:00,4.83,35.37,6.66,34.28
6/17/2017,9:00,3.99,33.47,6.24,33.66
6/17/2017,10:00,4.10,28.73,5.74,38.24
6/17/2017,11:00,4.28,34.46,5.18,40.69
6/17/2017,12:00,4.57,33.36,4.46,41.42
6/17/2017,13:00,3.70,33.89,3.88,20.92
6/17/2017,14:00,2.64,32.50,4.04,341.58
6/17/2017,15:00,3.45,23.70,5.48,326.12
6/17/2017,16:00,5.49,11.70,6.49,316.10
6/17/2017,17:00,6.16,344.48,7.07,311.96
6/17/2017,18:00,10.19,311.68,7.62,314.14
6/17/2017,19:00,9.50,316.41,8.19,318.82
6/17/2017,20:00,4.44,308.98,8.64,327.69
6/17/2017,21:00,1.98,7.53,8.31,335.76
6/17/2017,22:00,2.04,17.60,8.10,346.01
6/17/2017,23:00,5.42,2.35,8.49,351.39
6/18/2017,0:00,5.69,9.67,8.38,343.04
6/18/2017,1:00,5.77,8.96,8.23,342.50
6/18/2017,2:00,6.81,18.03,7.85,344.85
6/18/2017,3:00,6.09,23.65,7.00,1.76
6/18/2017,4:00,5.66,29.42,6.63,18.54
6/18/2017,5:00,7.76,39.00,6.27,39.84
6/18/2017,6:00,6.71,26.45,5.80,42.03
6/18/2017,7:00,5.72,32.03,4.21,42.13
6/18/2017,8:00,6.27,41.90,4.29,46.70
6/18/2017,9:00,6.31,36.15,5.40,42.78
6/18/2017,10:00,5.44,28.92,4.03,49.02
6/18/2017,11:00,4.73,27.75,2.48,23.55
6/18/2017,12:00,4.35,28.05,3.18,344.80
6/18/2017,13:00,2.67,23.67,3.56,309.04
6/18/2017,14:00,3.10,21.89,5.22,310.13
6/18/2017,15:00,5.55,37.18,6.78,307.06
6/18/2017,16:00,4.95,34.90,8.15,316.04
6/18/2017,17:00,2.81,22.39,8.05,318.03
6/18/2017,18:00,2.37,3.79,8.14,326.83
6/18/2017,19:00,2.55,355.60,8.06,334.05
6/18/2017,20:00,3.33,349.98,8.97,335.00
6/18/2017,21:00,3.25,355.94,10.14,342.62
6/18/2017,22:00,4.14,356.34,9.46,356.42
6/18/2017,23:00,5.40,17.03,7.42,14.04
6/19/2017,0:00,6.71,36.07,10.50,42.08
6/19/2017,1:00,6.40,37.46,10.25,40.59
6/19/2017,2:00,7.11,33.72,10.06,39.31
6/19/2017,3:00,7.50,31.62,9.68,42.01
6/19/2017,4:00,7.88,30.19,9.43,41.79
6/19/2017,5:00,6.77,24.79,9.01,40.56
6/19/2017,6:00,7.76,29.70,8.17,40.44
6/19/2017,7:00,6.45,32.85,7.04,35.38
6/19/2017,8:00,6.36,35.60,6.61,32.82
6/19/2017,9:00,6.90,30.18,6.19,28.43
6/19/2017,10:00,6.88,43.11,5.92,8.09
6/19/2017,11:00,7.17,21.75,5.84,357.17
6/19/2017,12:00,7.64,7.14,6.05,340.91
6/19/2017,13:00,6.82,18.68,6.95,328.87
6/19/2017,14:00,6.54,3.38,7.99,326.93
6/19/2017,15:00,6.97,10.74,8.31,329.22
6/19/2017,16:00,7.47,7.15,8.31,333.31
6/19/2017,17:00,8.89,8.19,8.46,336.10
6/19/2017,18:00,8.66,2.83,8.37,348.28
6/19/2017,19:00,8.26,18.78,8.83,354.41
6/19/2017,20:00,10.84,36.96,9.60,26.89
6/19/2017,21:00,13.21,28.11,12.14,33.49
6/19/2017,22:00,12.66,21.25,13.74,31.07
6/19/2017,23:00,9.66,31.46,14.23,32.73